run_id,scenario_id,group_id,kind,root_cause_set,n_root_causes,fault_type_set,fault_Sequence_Recommender,fault_User_Behavior_Analyzer,fault_Product_Analyzer,fault_Recommendation_Synthesizer,window_start,window_end,trace_id,e2e_latency_ms,http_status,http_success,span_Sequence_Recommender_duration_ms,span_Sequence_Recommender_duration_corrected_ms,span_Sequence_Recommender_subllm_overhead_ms,span_Sequence_Recommender_status,span_Sequence_Recommender_child_httpx_count,span_Sequence_Recommender_child_sasrec_requests_count,span_Sequence_Recommender_child_max_duration_ms,span_Sequence_Recommender_present,span_User_Behavior_Analyzer_duration_ms,span_User_Behavior_Analyzer_duration_corrected_ms,span_User_Behavior_Analyzer_subllm_overhead_ms,span_User_Behavior_Analyzer_status,span_User_Behavior_Analyzer_child_httpx_count,span_User_Behavior_Analyzer_child_sasrec_requests_count,span_User_Behavior_Analyzer_child_max_duration_ms,span_User_Behavior_Analyzer_present,span_Product_Analyzer_duration_ms,span_Product_Analyzer_duration_corrected_ms,span_Product_Analyzer_subllm_overhead_ms,span_Product_Analyzer_status,span_Product_Analyzer_child_httpx_count,span_Product_Analyzer_child_sasrec_requests_count,span_Product_Analyzer_child_max_duration_ms,span_Product_Analyzer_present,span_Recommendation_Synthesizer_duration_ms,span_Recommendation_Synthesizer_duration_corrected_ms,span_Recommendation_Synthesizer_subllm_overhead_ms,span_Recommendation_Synthesizer_status,span_Recommendation_Synthesizer_child_httpx_count,span_Recommendation_Synthesizer_child_sasrec_requests_count,span_Recommendation_Synthesizer_child_max_duration_ms,span_Recommendation_Synthesizer_present,total_span_count,error_span_count,recommendation_confidence,recommended_product_is_unknown,degrade_message_present,garbage_message_present,conv_Sequence_Recommender_text_len,conv_User_Behavior_Analyzer_text_len,conv_Product_Analyzer_text_len,conv_Recommendation_Synthesizer_text_len,host_cpu_pct,host_mem_pct,span_count_matched,wallclock_sanity_ok,note,injected,ledger_status,format_subtype,divergent_needle,divergent_needle_present,response_asin,response_asin_is_sentinel,toolcall_asin_is_sentinel,contract_first_failed_check,contract_expected_check,contract_check_matches_expected,context_drift_dropped_agent,context_drift_dropped_chars,context_drift_outcome,carrier_seq_id,non_target_injected,isolation_ok,conversation_captured,collect_backend,host_metric_source,k8s_pod_name,k8s_pod_restarts
hallu_Sequence_Recommender__r2,hallu_Sequence_Recommender,hallu_Sequence_Recommender,hallucinate,Sequence_Recommender,1,hallucinate,hallucinate,none,none,none,2026-07-27T13:20:32.548900+00:00,2026-07-27T13:21:23.958485+00:00,63dc95e80db60c89e5c310d9c94dc276,51409.59,200,1,12762.45,7847.46,4914.99,UNSET,3,1,374.73,1,15777.47,15777.47,0.0,UNSET,2,0,247.7,1,18744.62,18744.62,0.0,UNSET,3,0,231.33,1,4085.04,4085.04,0.0,UNSET,1,0,536.74,1,99,0,0.92,0,0,0,1247,2532,3540,493,0.52,35.29,1,1,,1,injected,,hone 12 相关配件**（充电器、耳机等），因此模型判断该用户是一位 **iPhone 12 用户**，正在为设备选,1,B00EL94Z4I,,,,,,,,,1,,1,1,k8s,prom_container,rec-agent-58d96c96b6-xzlw6,0
hallu_Sequence_Recommender__r3,hallu_Sequence_Recommender,hallu_Sequence_Recommender,hallucinate,Sequence_Recommender,1,hallucinate,hallucinate,none,none,none,2026-07-27T13:21:26.732333+00:00,2026-07-27T13:22:18.930882+00:00,d2965354d2ed32b48c7560d14d2bb4db,52198.55,200,1,13979.82,8665.34,5314.48,UNSET,3,1,458.36,1,14542.93,14542.93,0.0,UNSET,2,0,500.56,1,19612.19,19612.19,0.0,UNSET,2,0,291.65,1,4032.12,4032.12,0.0,UNSET,1,0,548.24,1,89,0,0.92,0,0,0,1561,2272,3734,419,0.71,35.26,1,1,,1,injected,,Google 生态产品**，表明该用户是亚马逊智能生态的深度使用者，对语音助手 Google Assistant 有较强,1,B0791TX5P5,,,,,,,,,2,,1,1,k8s,prom_container,rec-agent-58d96c96b6-xzlw6,0
hallu_Sequence_Recommender__r4,hallu_Sequence_Recommender,hallu_Sequence_Recommender,hallucinate,Sequence_Recommender,1,hallucinate,hallucinate,none,none,none,2026-07-27T13:22:21.721839+00:00,2026-07-27T13:23:09.882792+00:00,905e319b353020fd19547135f295ff07,48160.42,200,1,13681.37,8940.8,4740.57,UNSET,3,1,355.39,1,12451.4,12451.4,0.0,UNSET,2,0,213.35,1,18302.22,18302.22,0.0,UNSET,3,0,245.36,1,3694.69,3694.69,0.0,UNSET,1,0,562.32,1,99,0,0.92,0,0,0,1175,1855,2864,388,0.65,35.41,1,1,,1,injected,,"充电器/移动电源 |
| B00BFO4XSA | 电子配件 |
| B00GGLANFY | 电子配件 |
| B00",1,B00D2BGTG2,,,,,,,,,3,,1,1,k8s,prom_container,rec-agent-58d96c96b6-xzlw6,0
hallu_Sequence_Recommender__r5,hallu_Sequence_Recommender,hallu_Sequence_Recommender,hallucinate,Sequence_Recommender,1,hallucinate,hallucinate,none,none,none,2026-07-27T13:23:12.639528+00:00,2026-07-27T13:24:01.305750+00:00,7d17a2248eac8fd7c1fadeac638d8d9b,48666.22,200,1,16708.77,10237.32,6471.45,UNSET,3,1,641.65,1,14876.16,14876.16,0.0,UNSET,2,0,1066.97,1,13923.7,13923.7,0.0,UNSET,1,0,240.41,1,3122.78,3122.78,0.0,UNSET,1,0,360.24,1,79,0,0.95,0,0,0,1349,1986,3022,371,0.74,35.42,1,1,,1,injected,,"家居用品消费者。

---

### 🏆 推荐商品 Top 5 及推荐理由

| 排名 | 商品ID | 商品名称 |",1,B00IVPU786,,,,,,,,,4,,1,1,k8s,prom_container,rec-agent-58d96c96b6-xzlw6,0
hallu_Sequence_Recommender__r6,hallu_Sequence_Recommender,hallu_Sequence_Recommender,hallucinate,Sequence_Recommender,1,hallucinate,hallucinate,none,none,none,2026-07-27T13:24:04.095539+00:00,2026-07-27T13:24:56.021434+00:00,fa4cda4fa35f33e93dbee2cea97c5034,51925.9,200,1,14870.13,9520.48,5349.66,UNSET,3,1,484.31,1,13286.81,13286.81,0.0,UNSET,2,0,388.4,1,18428.7,18428.7,0.0,UNSET,3,0,274.65,1,5313.28,5313.28,0.0,UNSET,1,0,487.87,1,99,0,0.92,0,0,0,1470,1774,2506,438,0.68,35.47,1,1,,1,injected,,"Fire平板相关产品 |
| 2 | B002VPE1WK | Fire平板相关产品 |
| 3 | B002T3H49",1,B00F2ENU92,,,,,,,,,5,,1,1,k8s,prom_container,rec-agent-58d96c96b6-xzlw6,0
hallu_Sequence_Recommender__r7,hallu_Sequence_Recommender,hallu_Sequence_Recommender,hallucinate,Sequence_Recommender,1,hallucinate,hallucinate,none,none,none,2026-07-27T13:24:58.843810+00:00,2026-07-27T13:26:04.117315+00:00,f787ff95c31f11dcb8902f7f70706081,65273.5,200,1,15281.76,9344.43,5937.33,UNSET,3,1,469.23,1,18833.84,18833.84,0.0,UNSET,2,0,332.3,1,26630.44,26630.44,0.0,UNSET,3,0,240.59,1,4493.22,4493.22,0.0,UNSET,1,0,486.97,1,99,0,0.92,0,0,0,1319,2308,4023,439,0.51,35.49,1,1,,1,injected,,"但环形灯实际上常用于直播而非专业摄影。

3. **🥉 B01FV2A30S（LP-E12电池套装）** — 与用户历史",1,B01LXDNNBW,,,,,,,,,6,,1,1,k8s,prom_container,rec-agent-58d96c96b6-xzlw6,0
hallu_Sequence_Recommender__r8,hallu_Sequence_Recommender,hallu_Sequence_Recommender,hallucinate,Sequence_Recommender,1,hallucinate,hallucinate,none,none,none,2026-07-27T13:26:06.947657+00:00,2026-07-27T13:26:55.940903+00:00,8a29519f1a1af5c3963b863e1f2f229b,48992.72,200,1,15944.74,9738.9,6205.84,UNSET,3,1,505.74,1,14761.16,14761.16,0.0,UNSET,2,0,305.99,1,14062.87,14062.87,0.0,UNSET,1,0,214.44,1,4193.03,4193.03,0.0,UNSET,1,0,388.22,1,79,0,0.92,0,0,0,1510,2171,2549,453,0.53,35.56,1,1,,1,injected,,"苹果相关设备

> 从历史序列来看，该用户明显是 **苹果生态产品的轻度用户**，偶尔购买亚马逊设备（如Fire系列、K",1,B00CX5P8FC,,,,,,,,,7,,1,1,k8s,prom_container,rec-agent-58d96c96b6-xzlw6,0
hallu_Sequence_Recommender__r9,hallu_Sequence_Recommender,hallu_Sequence_Recommender,hallucinate,Sequence_Recommender,1,hallucinate,hallucinate,none,none,none,2026-07-27T13:26:58.735796+00:00,2026-07-27T13:27:47.776974+00:00,34c54535232f071b9bae602797bb18c9,49041.18,200,1,16466.93,10277.25,6189.67,UNSET,3,1,396.86,1,11334.12,11334.12,0.0,UNSET,2,0,327.96,1,17809.14,17809.14,0.0,UNSET,2,0,287.41,1,3397.96,3397.96,0.0,UNSET,1,0,378.11,1,89,0,0.92,0,0,0,1560,1881,3525,413,0.91,35.61,1,1,,1,injected,,"三星 Galaxy Tab 10.1 英寸 |
| 🥈 2 | **B013JZCAZK** | **5.2288**",1,B00EL94Z4I,,,,,,,,,8,,1,1,k8s,prom_container,rec-agent-58d96c96b6-xzlw6,0
hallu_Sequence_Recommender__r10,hallu_Sequence_Recommender,hallu_Sequence_Recommender,hallucinate,Sequence_Recommender,1,hallucinate,hallucinate,none,none,none,2026-07-27T13:27:50.594238+00:00,2026-07-27T13:28:38.585475+00:00,62bdedb1c16be21b88a16d77dfcdd9fe,47990.7,200,1,14530.45,9389.6,5140.85,UNSET,3,2,439.61,1,12043.47,12043.47,0.0,UNSET,2,0,368.0,1,17971.32,17971.32,0.0,UNSET,3,0,263.85,1,3410.4,3410.4,0.0,UNSET,1,0,765.54,1,101,0,0.92,0,0,0,1279,1686,3960,371,0.9,35.73,1,1,,1,injected,,"食品/饮料 |
| 2 | B007JZGO6S | 食品 |
| 3 | B013IIV8N8 | 食品 |
| 4",1,B0791TX5P5,,,,,,,,,9,,1,1,k8s,prom_container,rec-agent-58d96c96b6-xzlw6,0
hallu_Sequence_Recommender__r11,hallu_Sequence_Recommender,hallu_Sequence_Recommender,hallucinate,Sequence_Recommender,1,hallucinate,hallucinate,none,none,none,2026-07-27T13:28:41.441526+00:00,2026-07-27T13:29:35.574777+00:00,42440103b1d9e6071f76259d7d3a6be2,54132.7,200,1,15394.82,9875.3,5519.52,UNSET,4,2,441.17,1,14851.48,14851.48,0.0,UNSET,2,0,327.54,1,20584.55,20584.55,0.0,UNSET,3,0,289.63,1,3264.87,3264.87,0.0,UNSET,1,0,431.32,1,110,0,0.92,0,0,0,1246,2305,3894,406,0.65,35.84,1,1,,1,injected,,"厨房电器设备** 有浓厚兴趣。

---

### 🏆 推荐结果 Top-5

| 排名 | 商品ID | 推荐得分 |",1,B00O27MR44,,,,,,,,,10,,1,1,k8s,prom_container,rec-agent-58d96c96b6-xzlw6,0
hallu_Sequence_Recommender__r12,hallu_Sequence_Recommender,hallu_Sequence_Recommender,hallucinate,Sequence_Recommender,1,hallucinate,hallucinate,none,none,none,2026-07-27T13:29:38.434647+00:00,2026-07-27T13:30:23.383548+00:00,8a287f3b9a6294a537454b757e895359,44948.9,200,1,12673.44,7607.1,5066.34,UNSET,3,1,450.62,1,11367.79,11367.79,0.0,UNSET,2,0,392.64,1,17305.52,17305.52,0.0,UNSET,1,0,185.57,1,3564.84,3564.84,0.0,UNSET,1,0,502.04,1,79,0,0.92,0,0,0,1186,1698,3978,435,0.77,35.88,1,1,,1,injected,,"厨房电器与家居清洁」领域。**

1. **网络设备主导**（排名第1、第4）
   - 推荐了 **ARRIS SB6",1,B00AJHDZSI,,,,,,,,,11,,1,1,k8s,prom_container,rec-agent-58d96c96b6-xzlw6,0
hallu_User_Behavior_Analyzer__r1,hallu_User_Behavior_Analyzer,hallu_User_Behavior_Analyzer,hallucinate,User_Behavior_Analyzer,1,hallucinate,none,hallucinate,none,none,2026-07-27T13:32:03.378160+00:00,2026-07-27T13:33:01.602482+00:00,3ea6d37d9279b64bbde8785a3fb26c0a,58224.32,200,1,11107.23,11107.23,0.0,UNSET,2,1,280.86,1,25627.17,16168.2,9458.97,UNSET,3,0,302.22,1,18014.12,18014.12,0.0,UNSET,3,0,486.62,1,3445.52,3445.52,0.0,UNSET,1,0,560.41,1,99,0,0.92,0,0,0,1588,2577,3215,371,0.58,35.11,1,1,,1,injected,,"厨卫用品** 的**兴趣迁移轨迹**：
- **前期（前3个交互）**：围绕 **笔记本电脑** 生态，包括替换键盘、清",1,B00E6GRHBO,,,,,,,,,0,,1,1,k8s,prom_container,rec-agent-56bb8bdc8d-ldd6d,0
hallu_User_Behavior_Analyzer__r2,hallu_User_Behavior_Analyzer,hallu_User_Behavior_Analyzer,hallucinate,User_Behavior_Analyzer,1,hallucinate,none,hallucinate,none,none,2026-07-27T13:33:04.389954+00:00,2026-07-27T13:33:57.161758+00:00,1afb81b205a848f2377364b913af192f,52771.28,200,1,8168.06,8168.06,0.0,UNSET,2,1,319.36,1,19854.46,12380.04,7474.42,UNSET,3,0,405.18,1,20891.42,20891.42,0.0,UNSET,2,0,454.64,1,3840.54,3840.54,0.0,UNSET,1,0,473.47,1,89,0,0.92,0,0,0,1336,2209,4037,526,0.68,35.32,1,1,,1,injected,,"商务风格""** 保护壳（Pepkoo、ULAK KNOX ARMOR、Unicorn Beetle、Fintie Cas",1,B00EL94Z4I,,,,,,,,,1,,1,1,k8s,prom_container,rec-agent-56bb8bdc8d-ldd6d,0
hallu_User_Behavior_Analyzer__r3,hallu_User_Behavior_Analyzer,hallu_User_Behavior_Analyzer,hallucinate,User_Behavior_Analyzer,1,hallucinate,none,hallucinate,none,none,2026-07-27T13:33:59.910415+00:00,2026-07-27T13:34:46.538028+00:00,3363011d013c529d6f6f0befbb35b37e,46627.61,200,1,8343.4,8343.4,0.0,UNSET,2,1,548.72,1,17419.51,11070.16,6349.34,UNSET,3,0,343.04,1,17291.58,17291.58,0.0,UNSET,2,0,380.63,1,3555.37,3555.37,0.0,UNSET,1,0,545.17,1,89,0,0.85,0,0,0,1562,1854,3432,431,0.82,35.32,1,1,,1,injected,,"厨房小家电**（1件） |
| 🔄 **购买频率** | 序列中商品品类跨度较大，属于**多样化需求型用户** |
|",1,B07VTK654B,,,,,,,,,2,,1,1,k8s,prom_container,rec-agent-56bb8bdc8d-ldd6d,0
hallu_User_Behavior_Analyzer__r4,hallu_User_Behavior_Analyzer,hallu_User_Behavior_Analyzer,hallucinate,User_Behavior_Analyzer,1,hallucinate,none,hallucinate,none,none,2026-07-27T13:34:49.311567+00:00,2026-07-27T13:35:44.521004+00:00,aa211cc4c8a4fda78ffd48e43f2bc558,55208.29,200,1,7993.01,7993.01,0.0,UNSET,2,1,591.22,1,19143.51,12179.85,6963.66,UNSET,3,0,543.08,1,24118.62,24118.62,0.0,UNSET,2,0,413.36,1,3921.51,3921.51,0.0,UNSET,1,0,427.68,1,89,0,0.92,0,0,0,1136,1975,5723,471,0.51,35.39,1,1,,1,injected,,"低端奢侈型** — 商品多为几千元的高端配件，非中低端实用品类 |
| **🏷️ 品牌忠诚度** | **弱品牌依赖，强",1,B00IVPU786,,,,,,,,,3,,1,1,k8s,prom_container,rec-agent-56bb8bdc8d-ldd6d,0
hallu_User_Behavior_Analyzer__r5,hallu_User_Behavior_Analyzer,hallu_User_Behavior_Analyzer,hallucinate,User_Behavior_Analyzer,1,hallucinate,none,hallucinate,none,none,2026-07-27T13:35:47.281872+00:00,2026-07-27T13:36:41.455000+00:00,76df350aefba5ed713f64d7d8b416761,54173.13,200,1,8677.92,8677.92,0.0,UNSET,2,1,472.2,1,17613.67,11366.35,6247.32,UNSET,3,0,340.65,1,23768.62,23768.62,0.0,UNSET,3,0,693.86,1,4075.3,4075.3,0.0,UNSET,1,0,480.28,1,99,0,0.95,0,0,0,1451,1820,5165,517,0.57,35.49,1,1,,1,injected,,"家居生活与厨房电器**——用户交互的商品全部围绕相机电池、存储卡、鼠标、HDMI转接头等数码周边配件 |
| **💰 价",1,B00IVPU786,,,,,,,,,4,,1,1,k8s,prom_container,rec-agent-56bb8bdc8d-ldd6d,0
hallu_User_Behavior_Analyzer__r6,hallu_User_Behavior_Analyzer,hallu_User_Behavior_Analyzer,hallucinate,User_Behavior_Analyzer,1,hallucinate,none,hallucinate,none,none,2026-07-27T13:36:44.244302+00:00,2026-07-27T13:37:36.253883+00:00,19b7cb5fd58f042bb9f4f7da84aab099,52009.58,200,1,8565.67,8565.67,0.0,UNSET,2,2,479.03,1,16773.33,10507.62,6265.71,UNSET,3,0,608.61,1,22993.07,22993.07,0.0,UNSET,3,0,306.18,1,3661.01,3661.01,0.0,UNSET,1,0,459.75,1,101,0,0.92,0,0,0,1316,1834,4470,496,0.61,35.67,1,1,,1,injected,,"智能家居控制设备** |
| B01J2G4VBG | Amazon 5W USB 官方充电器（Fire/Kindle用",1,B00OQVZDJM,,,,,,,,,5,,1,1,k8s,prom_container,rec-agent-56bb8bdc8d-ldd6d,0
hallu_User_Behavior_Analyzer__r7,hallu_User_Behavior_Analyzer,hallu_User_Behavior_Analyzer,hallucinate,User_Behavior_Analyzer,1,hallucinate,none,hallucinate,none,none,2026-07-27T13:37:39.065102+00:00,2026-07-27T13:38:48.991304+00:00,69290f28e4f0111fb4ae3e11faa18054,69926.2,200,1,10252.31,10252.31,0.0,UNSET,2,1,604.1,1,30889.56,19262.39,11627.16,UNSET,3,0,394.8,1,24508.24,24508.24,0.0,UNSET,2,0,406.95,1,4238.53,4238.53,0.0,UNSET,1,0,696.61,1,89,0,0.92,0,0,0,1586,3304,4605,440,0.44,35.69,1,1,,1,injected,,"编辑场景 |
| **📱 设备生态** | 同时使用 **安卓手机（Type-C转接头）** 和 **电脑（摄像头防窥盖",1,B01LXDNNBW,,,,,,,,,6,,1,1,k8s,prom_container,rec-agent-56bb8bdc8d-ldd6d,0
hallu_User_Behavior_Analyzer__r8,hallu_User_Behavior_Analyzer,hallu_User_Behavior_Analyzer,hallucinate,User_Behavior_Analyzer,1,hallucinate,none,hallucinate,none,none,2026-07-27T13:38:51.794023+00:00,2026-07-27T13:39:40.757644+00:00,ead822c0eb49ee024c1038c1550e96fc,48963.62,200,1,8096.21,8096.21,0.0,UNSET,2,1,361.14,1,22629.86,14135.37,8494.49,UNSET,3,0,348.21,1,14229.15,14229.15,0.0,UNSET,2,0,595.28,1,3989.83,3989.83,0.0,UNSET,1,0,497.5,1,90,0,0.92,0,0,0,1393,2600,3007,434,0.81,35.72,1,1,,1,injected,,"5~$20区间）的实用型配件，说明用户**理性消费，注重性价比**。 |
| **🏷️ 品牌偏好** | 对**亚马逊官",1,B00U3FPN4U,,,,,,,,,7,,1,1,k8s,prom_container,rec-agent-56bb8bdc8d-ldd6d,0
hallu_User_Behavior_Analyzer__r9,hallu_User_Behavior_Analyzer,hallu_User_Behavior_Analyzer,hallucinate,User_Behavior_Analyzer,1,hallucinate,none,hallucinate,none,none,2026-07-27T13:39:43.551088+00:00,2026-07-27T13:40:32.879770+00:00,740f3284c8fdf2a610cfe0c711244978,49328.15,200,1,7925.99,7925.99,0.0,UNSET,2,1,287.6,1,23042.76,14245.73,8797.03,UNSET,3,0,482.29,1,15156.53,15156.53,0.0,UNSET,3,0,388.67,1,3164.05,3164.05,0.0,UNSET,1,0,489.45,1,99,0,0.92,0,0,0,1367,2660,3084,383,0.29,35.85,1,1,,1,injected,,"Pro） | 💻 **笔记本电脑保护壳/键盘膜套装** |
| B00G5N0ZZQ | amFilm 屏幕保护膜（适用",1,B00EL94Z4I,,,,,,,,,8,,1,1,k8s,prom_container,rec-agent-56bb8bdc8d-ldd6d,0
hallu_User_Behavior_Analyzer__r10,hallu_User_Behavior_Analyzer,hallu_User_Behavior_Analyzer,hallucinate,User_Behavior_Analyzer,1,hallucinate,none,hallucinate,none,none,2026-07-27T13:40:35.694781+00:00,2026-07-27T13:41:28.988974+00:00,88ccdb927ae5c3c17836a5a9ec558e61,53293.66,200,1,8129.22,8129.22,0.0,UNSET,2,1,482.75,1,22642.34,14346.15,8296.18,UNSET,3,0,452.63,1,18842.06,18842.06,0.0,UNSET,3,0,586.76,1,3662.32,3662.32,0.0,UNSET,1,0,482.96,1,99,0,0.85,0,0,0,1243,2443,3899,446,0.78,35.95,1,1,,1,injected,,"Micro USB 线 + 充电头    │
│  ② 存储卡升级 → 推荐 大容量 microSD 卡",1,B07PDH7N5G,,,,,,,,,9,,1,1,k8s,prom_container,rec-agent-56bb8bdc8d-ldd6d,0
hallu_User_Behavior_Analyzer__r11,hallu_User_Behavior_Analyzer,hallu_User_Behavior_Analyzer,hallucinate,User_Behavior_Analyzer,1,hallucinate,none,hallucinate,none,none,2026-07-27T13:41:31.832784+00:00,2026-07-27T13:42:19.065947+00:00,adc2d6b6f0456c9aa73a140936980577,47233.16,200,1,8217.83,8217.83,0.0,UNSET,2,1,368.14,1,18882.2,11447.69,7434.51,UNSET,3,0,608.84,1,16731.17,16731.17,0.0,UNSET,3,0,458.11,1,3371.34,3371.34,0.0,UNSET,1,0,494.49,1,99,0,0.92,0,0,0,1186,1807,2630,432,0.85,35.93,1,1,,1,injected,,手机配件与家庭娱乐**——用户历史中3/5的商品（B00E4W7NH8、B012FARZ3M、B00E4W1644）均为,1,B00NJTO4CY,,,,,,,,,10,,1,1,k8s,prom_container,rec-agent-56bb8bdc8d-ldd6d,0
hallu_User_Behavior_Analyzer__r12,hallu_User_Behavior_Analyzer,hallu_User_Behavior_Analyzer,hallucinate,User_Behavior_Analyzer,1,hallucinate,none,hallucinate,none,none,2026-07-27T13:42:21.885475+00:00,2026-07-27T13:43:08.834295+00:00,f2fc8adccd3b65418a1aa9a2a1d422a6,46948.3,200,1,8106.91,8106.91,0.0,UNSET,2,1,473.53,1,18646.95,11570.9,7076.05,UNSET,3,0,404.71,1,16887.69,16887.69,0.0,UNSET,2,0,546.45,1,3270.07,3270.07,0.0,UNSET,1,0,494.11,1,89,0,0.92,0,0,0,1191,1878,3824,388,0.54,35.97,1,1,,1,injected,,"家居清洁 |
| B00JPRACS4 | **BrightLine Bags Flex B7 飞行包** | 🎒 旅行",1,B00AJHDZSI,,,,,,,,,11,,1,1,k8s,prom_container,rec-agent-56bb8bdc8d-ldd6d,0
hallu_Product_Analyzer__r1,hallu_Product_Analyzer,hallu_Product_Analyzer,hallucinate,Product_Analyzer,1,hallucinate,none,none,hallucinate,none,2026-07-27T13:44:45.399170+00:00,2026-07-27T13:45:46.529865+00:00,a6b8761ac29f8c218947b6d3567d9850,61130.7,200,1,8887.49,8887.49,0.0,UNSET,2,2,329.29,1,14208.16,14208.16,0.0,UNSET,2,0,293.34,1,34635.73,21664.01,12971.71,UNSET,4,0,560.45,1,3357.9,3357.9,0.0,UNSET,1,0,461.86,1,101,0,0.95,0,0,0,1282,2727,5092,352,0.55,35.17,1,1,,1,injected,,"电池**（替换配件） | 💻 电脑配件 | 💰 低端配件 |
| 2 | `B000HKMM4A` | **Monste",1,B00E6GRHBO,,,,,,,,,0,,1,1,k8s,prom_container,rec-agent-554fd7c6c9-b7m8k,0
hallu_Product_Analyzer__r2,hallu_Product_Analyzer,hallu_Product_Analyzer,hallucinate,Product_Analyzer,1,hallucinate,none,none,hallucinate,none,2026-07-27T13:45:49.345598+00:00,2026-07-27T13:46:41.215783+00:00,da86cd018966c24b2890fbcc518b0f5f,51870.18,200,1,6682.08,6682.08,0.0,UNSET,2,1,377.97,1,11673.22,11673.22,0.0,UNSET,2,0,284.35,1,29859.2,18114.59,11744.62,UNSET,4,0,383.76,1,3614.44,3614.44,0.0,UNSET,1,0,507.25,1,99,0,0.92,0,0,0,1017,1938,3943,413,0.64,35.32,1,1,,1,injected,,"虽然买了多个保护壳，但屏幕都是裸露的，下一步很可能会购买配套的屏幕保护膜，形成完整的保护方案。""**

这种 **""保护",1,B00EL94Z4I,,,,,,,,,1,,1,1,k8s,prom_container,rec-agent-554fd7c6c9-b7m8k,0
hallu_Product_Analyzer__r3,hallu_Product_Analyzer,hallu_Product_Analyzer,hallucinate,Product_Analyzer,1,hallucinate,none,none,hallucinate,none,2026-07-27T13:46:43.972807+00:00,2026-07-27T13:47:43.643967+00:00,47bc71fb8390bba2d17b7442e522f450,59671.16,200,1,8356.75,8356.75,0.0,UNSET,2,1,371.08,1,12618.87,12618.87,0.0,UNSET,2,0,405.64,1,34703.97,21800.46,12903.5,UNSET,4,0,390.9,1,3954.73,3954.73,0.0,UNSET,1,0,491.46,1,99,0,0.82,0,0,0,1245,1981,4724,401,0.62,35.39,1,1,,1,injected,,"|
| B00B7YDGGS | 7英寸彩色LCD水下视频摄像机系统（探鱼器） | 🎣 **户外运动摄像机** | 户外",1,B07PXGQC1Q,,,,,,,,,2,,1,1,k8s,prom_container,rec-agent-554fd7c6c9-b7m8k,0
hallu_Product_Analyzer__r4,hallu_Product_Analyzer,hallu_Product_Analyzer,hallucinate,Product_Analyzer,1,hallucinate,none,none,hallucinate,none,2026-07-27T13:47:46.409957+00:00,2026-07-27T13:48:39.176787+00:00,a16d250bc342837c4c633293d9664a5c,52765.29,200,1,8186.82,8186.82,0.0,UNSET,2,1,391.97,1,13516.29,13516.29,0.0,UNSET,2,0,190.54,1,26724.41,15615.86,11108.55,UNSET,3,0,341.91,1,4297.95,4297.95,0.0,UNSET,1,0,363.85,1,89,0,0.92,0,0,0,1303,2328,3172,469,0.45,35.46,1,1,,1,injected,,"外设/电源配件** | 💰 低 |
| B00BFO4XSA | XPAND X105-RF-X1 可充电3D RF/蓝",1,B00IVPU786,,,,,,,,,3,,1,1,k8s,prom_container,rec-agent-554fd7c6c9-b7m8k,0
hallu_Product_Analyzer__r5,hallu_Product_Analyzer,hallu_Product_Analyzer,hallucinate,Product_Analyzer,1,hallucinate,none,none,hallucinate,none,2026-07-27T13:48:41.971477+00:00,2026-07-27T13:49:40.695210+00:00,1a9a2dcf7de56767d34b161492db5acf,58723.19,200,1,11139.77,11139.77,0.0,UNSET,2,1,549.06,1,18908.96,18908.96,0.0,UNSET,2,0,259.65,1,25404.06,13518.1,11885.97,UNSET,4,0,505.94,1,3238.88,3238.88,0.0,UNSET,1,0,589.95,1,99,0,0.95,0,0,0,1836,3434,3419,386,0.59,35.51,1,1,,1,injected,,"台式电脑**（购买无线鼠标）
   - 有**游戏主机**使用需求（购买HDMI转接头）

---

## 二、SASR",1,B00IVPU786,,,,,,,,,4,,1,1,k8s,prom_container,rec-agent-554fd7c6c9-b7m8k,0
hallu_Product_Analyzer__r6,hallu_Product_Analyzer,hallu_Product_Analyzer,hallucinate,Product_Analyzer,1,hallucinate,none,none,hallucinate,none,2026-07-27T13:49:43.477452+00:00,2026-07-27T13:50:37.851653+00:00,507c5a3258d8cb1e9d1d50ae71518721,54373.67,200,1,7741.81,7741.81,0.0,UNSET,2,1,391.43,1,11657.84,11657.84,0.0,UNSET,2,0,293.84,1,30870.14,19615.83,11254.31,UNSET,4,0,397.35,1,4087.68,4087.68,0.0,UNSET,1,0,498.72,1,99,0,0.85,0,0,0,1013,1903,3503,507,0.71,35.59,1,1,,1,injected,,"厨房用具** | 低端配件 |
| 2️⃣ | **B002VPE1WK** | Amazon Basics 单反相机背",1,B00OQVZDJM,,,,,,,,,5,,1,1,k8s,prom_container,rec-agent-554fd7c6c9-b7m8k,0
hallu_Product_Analyzer__r7,hallu_Product_Analyzer,hallu_Product_Analyzer,hallucinate,Product_Analyzer,1,hallucinate,none,none,hallucinate,none,2026-07-27T13:50:40.650001+00:00,2026-07-27T13:51:46.274561+00:00,eb2fffb7117d2186c9990c64566db66a,65624.56,200,1,9078.84,9078.84,0.0,UNSET,2,1,398.0,1,16187.48,16187.48,0.0,UNSET,2,0,1014.91,1,36244.98,22515.67,13729.31,UNSET,4,0,480.77,1,4086.99,4086.99,0.0,UNSET,1,0,597.22,1,99,0,0.92,0,0,0,1317,2622,3954,432,0.51,35.58,1,1,,1,injected,,"华为用户**（出现Type-C转接头） |
| **🎬 创作场景** | 视频录制、直播、教学演示、产品俯拍评测 |
|",1,B01LXDNNBW,,,,,,,,,6,,1,1,k8s,prom_container,rec-agent-554fd7c6c9-b7m8k,0
hallu_Product_Analyzer__r8,hallu_Product_Analyzer,hallu_Product_Analyzer,hallucinate,Product_Analyzer,1,hallucinate,none,none,hallucinate,none,2026-07-27T13:51:49.077792+00:00,2026-07-27T13:52:29.231493+00:00,071aac07e62129d6ba111f7ce558b338,40153.18,200,1,8079.31,8079.31,0.0,UNSET,2,1,522.67,1,14163.74,14163.74,0.0,UNSET,2,0,216.03,1,14947.81,7267.87,7679.94,UNSET,2,0,507.96,1,2929.16,2929.16,0.0,UNSET,1,0,497.98,1,79,0,0.92,0,0,0,1209,2236,2135,321,0.78,35.68,1,1,,1,injected,,pple自有品牌（iPhone/iPad配件）** 有明显偏好，同时接受 **第三方品牌（Belkin、Fujifilm,1,B00CX5P8FC,,,,,,,,,7,,1,1,k8s,prom_container,rec-agent-554fd7c6c9-b7m8k,0
hallu_Product_Analyzer__r9,hallu_Product_Analyzer,hallu_Product_Analyzer,hallucinate,Product_Analyzer,1,hallucinate,none,none,hallucinate,none,2026-07-27T13:52:32.037336+00:00,2026-07-27T13:53:20.264148+00:00,cc1dbf456b514afe1af27205f2c3de2c,48226.81,200,1,9262.72,9262.72,0.0,UNSET,2,1,325.55,1,15478.76,15478.76,0.0,UNSET,2,0,266.68,1,19866.36,10750.57,9115.8,UNSET,4,0,376.86,1,3578.03,3578.03,0.0,UNSET,1,0,494.71,1,99,0,0.92,0,0,0,1558,2680,2681,420,0.92,35.79,1,1,,1,injected,,"运动手环配件** |
| B00CLEGVX8 | Kuzy 防眩光屏幕保护膜 - MacBook Air 11英寸 |",1,B00EL94Z4I,,,,,,,,,8,,1,1,k8s,prom_container,rec-agent-554fd7c6c9-b7m8k,0
hallu_Product_Analyzer__r10,hallu_Product_Analyzer,hallu_Product_Analyzer,hallucinate,Product_Analyzer,1,hallucinate,none,none,hallucinate,none,2026-07-27T13:53:23.056960+00:00,2026-07-27T13:54:15.252887+00:00,ff3a13d51958059638f4bdbc7b1a6887,52195.93,200,1,8231.19,8231.19,0.0,UNSET,2,1,405.24,1,12806.16,12806.16,0.0,UNSET,2,0,193.42,1,27027.56,16597.52,10430.04,UNSET,3,0,503.47,1,4092.72,4092.72,0.0,UNSET,1,0,445.62,1,89,0,0.92,0,0,0,1150,1828,2829,482,0.53,35.8,1,1,,1,injected,,"游戏设备重度用户** — 4个历史商品全部为游戏配件，无大型设备购买记录 |
| **价格敏感度** | **低价位实用",1,B0791TX5P5,,,,,,,,,9,,1,1,k8s,prom_container,rec-agent-554fd7c6c9-b7m8k,0
hallu_Product_Analyzer__r11,hallu_Product_Analyzer,hallu_Product_Analyzer,hallucinate,Product_Analyzer,1,hallucinate,none,none,hallucinate,none,2026-07-27T13:54:18.066631+00:00,2026-07-27T13:55:30.211415+00:00,c079a254cef44fda78b99c94804e82f7,72144.78,200,1,10472.03,10472.03,0.0,UNSET,2,1,424.9,1,16546.53,16546.53,0.0,UNSET,2,0,293.46,1,41569.57,25745.8,15823.77,UNSET,3,0,560.3,1,3523.48,3523.48,0.0,UNSET,1,0,541.08,1,89,0,0.92,0,0,0,1331,2623,4353,362,0.42,35.77,1,1,,1,injected,,"导航系统升级** 爱好者 |
| **当前阶段** | 正在 **更换车载中控屏幕**，已购买了安装所需的各类适配器 |",1,B00NJTO4CY,,,,,,,,,10,,1,1,k8s,prom_container,rec-agent-554fd7c6c9-b7m8k,0
hallu_Product_Analyzer__r12,hallu_Product_Analyzer,hallu_Product_Analyzer,hallucinate,Product_Analyzer,1,hallucinate,none,none,hallucinate,none,2026-07-27T13:55:33.016558+00:00,2026-07-27T13:56:26.227162+00:00,e47fd8681876afac2704194eb29fe54d,53210.6,200,1,8224.68,8224.68,0.0,UNSET,2,1,477.32,1,12467.32,12467.32,0.0,UNSET,2,0,275.23,1,27869.61,17965.82,9903.78,UNSET,4,0,495.01,1,4606.83,4606.83,0.0,UNSET,1,0,376.82,1,99,0,0.92,0,0,0,1187,1758,3163,483,0.56,35.93,1,1,,1,injected,,"音频设备 | 中低价位 |
| B00BQ5RYI4 | **Logitech Harmony Smart Contro",1,B00AJHDZSI,,,,,,,,,11,,1,1,k8s,prom_container,rec-agent-554fd7c6c9-b7m8k,0
ctxdrift_ub_from_seq__r1,ctxdrift_ub_from_seq,ctxdrift_ub_from_seq,context_drift,User_Behavior_Analyzer,1,context_drift,none,context_drift,none,none,2026-07-27T13:57:57.439732+00:00,2026-07-27T13:58:46.503305+00:00,1a42d74722e8e75a098924d62f2c0a14,49063.57,200,1,11828.79,11828.79,0.0,UNSET,2,1,496.87,1,12809.12,12809.12,0.0,UNSET,2,0,214.62,1,19938.56,19938.56,0.0,UNSET,2,0,362.34,1,4454.76,4454.76,0.0,UNSET,1,0,560.52,1,87,0,0.92,0,0,0,1489,1385,2896,425,0.66,35.52,1,1,,1,injected,,,,B00E6GRHBO,,,,,,Sequence_Recommender,1489,,0,,1,1,k8s,prom_container,rec-agent-6948db55f8-lvfqw,0
ctxdrift_ub_from_seq__r2,ctxdrift_ub_from_seq,ctxdrift_ub_from_seq,context_drift,User_Behavior_Analyzer,1,context_drift,none,context_drift,none,none,2026-07-27T13:58:49.360796+00:00,2026-07-27T13:59:33.630145+00:00,ed0e962dc249ee1cc8212cd308cf61ed,44269.35,200,1,8719.92,8719.92,0.0,UNSET,2,1,352.28,1,10977.79,10977.79,0.0,UNSET,2,0,285.23,1,19742.64,19742.64,0.0,UNSET,3,0,287.78,1,4812.13,4812.13,0.0,UNSET,1,0,587.64,1,97,0,0.92,0,0,0,1333,1220,1738,557,0.86,35.62,1,1,,1,injected,,,,B00EL94Z4I,,,,,,Sequence_Recommender,1333,,1,,1,1,k8s,prom_container,rec-agent-6948db55f8-lvfqw,0
ctxdrift_ub_from_seq__r3,ctxdrift_ub_from_seq,ctxdrift_ub_from_seq,context_drift,User_Behavior_Analyzer,1,context_drift,none,context_drift,none,none,2026-07-27T13:59:36.408998+00:00,2026-07-27T14:00:24.683333+00:00,3f8e2bcd502122a2358e7810b50c56db,48274.33,200,1,11224.38,11224.38,0.0,UNSET,2,1,327.18,1,10876.71,10876.71,0.0,UNSET,2,0,356.1,1,21550.55,21550.55,0.0,UNSET,3,0,292.12,1,4605.67,4605.67,0.0,UNSET,1,0,355.32,1,97,0,0.82,0,0,0,1579,1161,2990,471,0.54,35.64,1,1,,1,injected,,,,B0791TX5P5,,,,,,Sequence_Recommender,1579,,2,,1,1,k8s,prom_container,rec-agent-6948db55f8-lvfqw,0
ctxdrift_ub_from_seq__r4,ctxdrift_ub_from_seq,ctxdrift_ub_from_seq,context_drift,User_Behavior_Analyzer,1,context_drift,none,context_drift,none,none,2026-07-27T14:00:27.463764+00:00,2026-07-27T14:01:22.465806+00:00,2d45cc22ead672330a43d52cfa20a32c,55002.04,200,1,9427.25,9427.25,0.0,UNSET,2,1,388.78,1,11777.49,11777.49,0.0,UNSET,2,0,282.16,1,29828.84,29828.84,0.0,UNSET,3,0,426.4,1,3934.58,3934.58,0.0,UNSET,1,0,529.5,1,97,0,0.92,0,0,0,1162,1374,3936,464,0.5,35.72,1,1,,1,injected,,,,B00IVPU786,,,,,,Sequence_Recommender,1162,,3,,1,1,k8s,prom_container,rec-agent-6948db55f8-lvfqw,0
ctxdrift_ub_from_seq__r5,ctxdrift_ub_from_seq,ctxdrift_ub_from_seq,context_drift,User_Behavior_Analyzer,1,context_drift,none,context_drift,none,none,2026-07-27T14:01:25.260889+00:00,2026-07-27T14:02:06.608791+00:00,28d5122c46a076ad13d869a68c73999d,41347.9,200,1,11055.53,11055.53,0.0,UNSET,2,2,536.44,1,11920.76,11920.76,0.0,UNSET,2,0,183.86,1,14275.21,14275.21,0.0,UNSET,2,0,260.79,1,4055.03,4055.03,0.0,UNSET,1,0,394.96,1,89,0,0.92,0,0,0,1471,1530,2057,439,0.98,35.78,1,1,,1,injected,,,,B00IVPU786,,,,,,Sequence_Recommender,1471,,4,,1,1,k8s,prom_container,rec-agent-6948db55f8-lvfqw,0
ctxdrift_ub_from_seq__r6,ctxdrift_ub_from_seq,ctxdrift_ub_from_seq,context_drift,User_Behavior_Analyzer,1,context_drift,none,context_drift,none,none,2026-07-27T14:02:09.411646+00:00,2026-07-27T14:02:48.431584+00:00,52a0cead06fb0eacff4047313a1e73e0,39019.94,200,1,9652.07,9652.07,0.0,UNSET,2,1,526.35,1,11908.1,11908.1,0.0,UNSET,2,0,287.31,1,12777.4,12777.4,0.0,UNSET,3,0,255.26,1,4641.51,4641.51,0.0,UNSET,1,0,373.75,1,97,0,0.92,0,0,0,1179,1561,1696,592,0.9,35.96,1,1,,1,injected,,,,B00OQVZDJM,,,,,,Sequence_Recommender,1179,,5,,1,1,k8s,prom_container,rec-agent-6948db55f8-lvfqw,0
ctxdrift_ub_from_seq__r7,ctxdrift_ub_from_seq,ctxdrift_ub_from_seq,context_drift,User_Behavior_Analyzer,1,context_drift,none,context_drift,none,none,2026-07-27T14:02:51.220955+00:00,2026-07-27T14:03:37.083108+00:00,69d32c776b3f275cc69f9861601ea08d,45861.62,200,1,9793.02,9793.02,0.0,UNSET,2,1,309.68,1,9579.9,9579.9,0.0,UNSET,2,0,235.45,1,22336.04,22336.04,0.0,UNSET,3,0,208.91,1,4136.2,4136.2,0.0,UNSET,1,0,477.22,1,97,0,0.92,0,0,0,1543,1046,3224,430,0.59,35.94,1,1,,1,injected,,,,B01LXDNNBW,,,,,,Sequence_Recommender,1543,,6,,1,1,k8s,prom_container,rec-agent-6948db55f8-lvfqw,0
ctxdrift_ub_from_seq__r8,ctxdrift_ub_from_seq,ctxdrift_ub_from_seq,context_drift,User_Behavior_Analyzer,1,context_drift,none,context_drift,none,none,2026-07-27T14:03:39.904293+00:00,2026-07-27T14:04:20.144007+00:00,e03adae563992638d8e9683151471058,40239.71,200,1,8770.61,8770.61,0.0,UNSET,2,1,353.69,1,10011.42,10011.42,0.0,UNSET,2,0,871.37,1,16608.56,16608.56,0.0,UNSET,3,0,253.61,1,4816.74,4816.74,0.0,UNSET,1,0,497.2,1,97,0,0.92,0,0,0,1208,1063,2321,536,0.77,36.08,1,1,,1,injected,,,,B00U3FPN4U,,,,,,Sequence_Recommender,1208,,7,,1,1,k8s,prom_container,rec-agent-6948db55f8-lvfqw,0
ctxdrift_ub_from_seq__r9,ctxdrift_ub_from_seq,ctxdrift_ub_from_seq,context_drift,User_Behavior_Analyzer,1,context_drift,none,context_drift,none,none,2026-07-27T14:04:22.929768+00:00,2026-07-27T14:05:06.415002+00:00,e680aafd657ad6ca0064df683b8f6463,43484.69,200,1,8134.84,8134.84,0.0,UNSET,2,1,287.37,1,11112.81,11112.81,0.0,UNSET,2,0,191.8,1,20370.67,20370.67,0.0,UNSET,3,0,339.16,1,3839.59,3839.59,0.0,UNSET,1,0,439.97,1,97,0,0.95,0,0,0,1209,1286,3548,390,0.8,36.01,1,1,,1,injected,,,,B00EL94Z4I,,,,,,Sequence_Recommender,1209,,8,,1,1,k8s,prom_container,rec-agent-6948db55f8-lvfqw,0
ctxdrift_ub_from_seq__r10,ctxdrift_ub_from_seq,ctxdrift_ub_from_seq,context_drift,User_Behavior_Analyzer,1,context_drift,none,context_drift,none,none,2026-07-27T14:05:09.221671+00:00,2026-07-27T14:05:52.242393+00:00,d912ccb9bdfb01505bd3432341a7c0dc,43020.72,200,1,11005.17,11005.17,0.0,UNSET,3,2,380.05,1,11154.04,11154.04,0.0,UNSET,2,0,494.27,1,15275.25,15275.25,0.0,UNSET,2,0,191.97,1,5568.57,5568.57,0.0,UNSET,1,0,700.46,1,98,0,0.82,0,0,0,1131,1295,2296,541,0.88,36.14,1,1,,1,injected,,,,B0791TX5P5,,,,,,Sequence_Recommender,1131,,9,,1,1,k8s,prom_container,rec-agent-6948db55f8-lvfqw,0
ctxdrift_ub_from_seq__r11,ctxdrift_ub_from_seq,ctxdrift_ub_from_seq,context_drift,User_Behavior_Analyzer,1,context_drift,none,context_drift,none,none,2026-07-27T14:05:55.066925+00:00,2026-07-27T14:06:40.633562+00:00,4f0033e3a2256540527281debcb53362,45565.64,200,1,9589.16,9589.16,0.0,UNSET,2,1,376.21,1,10603.9,10603.9,0.0,UNSET,2,0,495.24,1,21877.32,21877.32,0.0,UNSET,3,0,235.02,1,3464.6,3464.6,0.0,UNSET,1,0,431.63,1,97,0,0.92,0,0,0,1257,1203,3183,344,0.75,36.16,1,1,,1,injected,,,,B00NJTO4CY,,,,,,Sequence_Recommender,1257,,10,,1,1,k8s,prom_container,rec-agent-6948db55f8-lvfqw,0
ctxdrift_ub_from_seq__r12,ctxdrift_ub_from_seq,ctxdrift_ub_from_seq,context_drift,User_Behavior_Analyzer,1,context_drift,none,context_drift,none,none,2026-07-27T14:06:43.457052+00:00,2026-07-27T14:07:30.993622+00:00,84e4e726f047b69674e00b4295d09225,47536.04,200,1,10434.07,10434.07,0.0,UNSET,2,1,615.49,1,9755.15,9755.15,0.0,UNSET,2,0,211.62,1,22946.42,22946.42,0.0,UNSET,5,0,387.97,1,4374.33,4374.33,0.0,UNSET,1,0,584.84,1,117,0,0.88,0,0,0,1336,1364,2703,409,0.92,36.28,1,1,,1,injected,,,,B00AJHDZSI,,,,,,Sequence_Recommender,1336,,11,,1,1,k8s,prom_container,rec-agent-6948db55f8-lvfqw,0
ctxdrift_prod_from_ub__r1,ctxdrift_prod_from_ub,ctxdrift_prod_from_ub,context_drift,Product_Analyzer,1,context_drift,none,none,context_drift,none,2026-07-27T14:09:04.327873+00:00,2026-07-27T14:09:54.159082+00:00,a998c3c53756806bf95d91c4fac2d633,49831.21,200,1,10742.45,10742.45,0.0,UNSET,2,1,283.05,1,14997.05,14997.05,0.0,UNSET,2,0,286.57,1,19241.24,19241.24,0.0,UNSET,2,0,386.42,1,4810.31,4810.31,0.0,UNSET,1,0,599.11,1,87,0,0.95,0,0,0,1300,2214,3031,459,0.59,36.06,1,1,,1,injected,,,,B00E6GRHBO,,,,,,User_Behavior_Analyzer,2214,,0,,1,1,k8s,prom_container,rec-agent-84d78bd855-p5t4s,0
ctxdrift_prod_from_ub__r2,ctxdrift_prod_from_ub,ctxdrift_prod_from_ub,context_drift,Product_Analyzer,1,context_drift,none,none,context_drift,none,2026-07-27T14:09:56.925539+00:00,2026-07-27T14:10:48.131462+00:00,de0ee9843ccf8b1e36958eeb718dafef,51205.92,200,1,9899.53,9899.53,0.0,UNSET,2,1,331.58,1,18840.16,18840.16,0.0,UNSET,2,0,394.75,1,17825.62,17825.62,0.0,UNSET,3,0,291.82,1,4601.91,4601.91,0.0,UNSET,1,0,485.76,1,97,0,0.92,0,0,0,1341,2874,2624,528,0.76,36.07,1,1,,1,injected,,,,B00EL94Z4I,,,,,,User_Behavior_Analyzer,2874,,1,,1,1,k8s,prom_container,rec-agent-84d78bd855-p5t4s,0
ctxdrift_prod_from_ub__r3,ctxdrift_prod_from_ub,ctxdrift_prod_from_ub,context_drift,Product_Analyzer,1,context_drift,none,none,context_drift,none,2026-07-27T14:10:50.895410+00:00,2026-07-27T14:11:43.844580+00:00,1c5e6cda82d79a3d9bf61a4520d6dc8b,52949.17,200,1,10414.51,10414.51,0.0,UNSET,2,1,463.68,1,17809.99,17809.99,0.0,UNSET,2,0,185.01,1,20490.94,20490.94,0.0,UNSET,3,0,225.13,1,4197.7,4197.7,0.0,UNSET,1,0,481.46,1,97,0,0.82,0,0,0,1548,2780,3138,381,0.5,36.32,1,1,,1,injected,,,,B07PXGQC1Q,,,,,,User_Behavior_Analyzer,2780,,2,,1,1,k8s,prom_container,rec-agent-84d78bd855-p5t4s,0
ctxdrift_prod_from_ub__r4,ctxdrift_prod_from_ub,ctxdrift_prod_from_ub,context_drift,Product_Analyzer,1,context_drift,none,none,context_drift,none,2026-07-27T14:11:46.616653+00:00,2026-07-27T14:12:34.824463+00:00,fc52e49e3a32166e1bf351e7e4814579,48207.28,200,1,9779.11,9779.11,0.0,UNSET,2,1,550.49,1,15694.49,15694.49,0.0,UNSET,2,0,190.45,1,17597.44,17597.44,0.0,UNSET,3,0,334.34,1,5101.64,5101.64,0.0,UNSET,1,0,481.92,1,97,0,0.91,0,0,0,1325,2069,3564,551,0.86,36.25,1,1,,1,injected,,,,B00IVPU7AO,,,,,,User_Behavior_Analyzer,2069,,3,,1,1,k8s,prom_container,rec-agent-84d78bd855-p5t4s,0
ctxdrift_prod_from_ub__r5,ctxdrift_prod_from_ub,ctxdrift_prod_from_ub,context_drift,Product_Analyzer,1,context_drift,none,none,context_drift,none,2026-07-27T14:12:37.575269+00:00,2026-07-27T14:13:26.433765+00:00,65ba7044394dd7b7d4722442610329c3,48858.5,200,1,11266.78,11266.78,0.0,UNSET,3,2,359.01,1,16488.95,16488.95,0.0,UNSET,2,0,293.91,1,17111.67,17111.67,0.0,UNSET,2,0,288.8,1,3974.92,3974.92,0.0,UNSET,1,0,481.51,1,99,0,0.95,0,0,0,1302,2402,2379,399,0.42,36.25,1,1,,1,injected,,,,B00IVPU786,,,,,,User_Behavior_Analyzer,2402,,4,,1,1,k8s,prom_container,rec-agent-84d78bd855-p5t4s,0
ctxdrift_prod_from_ub__r6,ctxdrift_prod_from_ub,ctxdrift_prod_from_ub,context_drift,Product_Analyzer,1,context_drift,none,none,context_drift,none,2026-07-27T14:13:29.194826+00:00,2026-07-27T14:14:17.839429+00:00,372c4fc7aa4ec7a67a2c728ae1e55be2,48644.6,200,1,8979.16,8979.16,0.0,UNSET,2,1,343.54,1,19161.47,19161.47,0.0,UNSET,2,0,293.36,1,15762.5,15762.5,0.0,UNSET,2,0,380.41,1,4698.93,4698.93,0.0,UNSET,1,0,382.17,1,87,0,0.88,0,0,0,1284,2933,2461,445,0.81,36.32,1,1,,1,injected,,,,B00OQVZDJM,,,,,,User_Behavior_Analyzer,2933,,5,,1,1,k8s,prom_container,rec-agent-84d78bd855-p5t4s,0
ctxdrift_prod_from_ub__r7,ctxdrift_prod_from_ub,ctxdrift_prod_from_ub,context_drift,Product_Analyzer,1,context_drift,none,none,context_drift,none,2026-07-27T14:14:20.597921+00:00,2026-07-27T14:15:19.305772+00:00,d09626323f44b7788f8b52b56baa3121,58707.85,200,1,12167.52,12167.52,0.0,UNSET,2,1,373.47,1,19562.87,19562.87,0.0,UNSET,2,0,190.66,1,22775.83,22775.83,0.0,UNSET,2,0,255.84,1,4165.17,4165.17,0.0,UNSET,1,0,383.97,1,87,0,0.92,0,0,0,1704,2792,3190,378,0.48,36.36,1,1,,1,injected,,,,B01LXDNNBW,,,,,,User_Behavior_Analyzer,2792,,6,,1,1,k8s,prom_container,rec-agent-84d78bd855-p5t4s,0
ctxdrift_prod_from_ub__r8,ctxdrift_prod_from_ub,ctxdrift_prod_from_ub,context_drift,Product_Analyzer,1,context_drift,none,none,context_drift,none,2026-07-27T14:15:22.087864+00:00,2026-07-27T14:16:07.231582+00:00,c79f58fa0e10b2e81bf35a1eaec473cb,45143.72,200,1,9621.29,9621.29,0.0,UNSET,2,1,482.94,1,16521.02,16521.02,0.0,UNSET,2,0,396.28,1,15567.63,15567.63,0.0,UNSET,2,0,293.43,1,3402.15,3402.15,0.0,UNSET,1,0,357.65,1,87,0,0.92,0,0,0,1449,2688,2386,380,0.73,36.41,1,1,,1,injected,,,,B00CX5P8FC,,,,,,User_Behavior_Analyzer,2688,,7,,1,1,k8s,prom_container,rec-agent-84d78bd855-p5t4s,0
ctxdrift_prod_from_ub__r9,ctxdrift_prod_from_ub,ctxdrift_prod_from_ub,context_drift,Product_Analyzer,1,context_drift,none,none,context_drift,none,2026-07-27T14:16:10.059614+00:00,2026-07-27T14:17:00.040170+00:00,cd3eec46226aeb27439f34dc7caa1ae5,49980.56,200,1,10835.5,10835.5,0.0,UNSET,2,1,378.39,1,16807.41,16807.41,0.0,UNSET,2,0,286.67,1,17509.74,17509.74,0.0,UNSET,2,0,294.25,1,4793.2,4793.2,0.0,UNSET,1,0,589.98,1,88,0,0.95,0,0,0,1605,2923,2880,517,0.76,36.24,1,1,,1,injected,,,,B00EL94Z4I,,,,,,User_Behavior_Analyzer,2923,,8,,1,1,k8s,prom_container,rec-agent-84d78bd855-p5t4s,0
ctxdrift_prod_from_ub__r10,ctxdrift_prod_from_ub,ctxdrift_prod_from_ub,context_drift,Product_Analyzer,1,context_drift,none,none,context_drift,none,2026-07-27T14:17:02.854561+00:00,2026-07-27T14:17:46.338263+00:00,f2f010992e4401aaddcf87344df7d942,43483.17,200,1,8937.91,8937.91,0.0,UNSET,2,1,523.89,1,15045.87,15045.87,0.0,UNSET,2,0,287.03,1,15917.14,15917.14,0.0,UNSET,2,0,292.75,1,3546.51,3546.51,0.0,UNSET,1,0,449.98,1,87,0,0.92,0,0,0,1163,2235,2698,379,0.77,35.19,1,1,,1,injected,,,,B0791TX5P5,,,,,,User_Behavior_Analyzer,2235,,9,,1,1,k8s,prom_container,rec-agent-84d78bd855-p5t4s,0
ctxdrift_prod_from_ub__r11,ctxdrift_prod_from_ub,ctxdrift_prod_from_ub,context_drift,Product_Analyzer,1,context_drift,none,none,context_drift,none,2026-07-27T14:17:49.171868+00:00,2026-07-27T14:18:46.328628+00:00,f1edcae5d102b706957c8efc0599ae02,57156.23,200,1,10232.98,10232.98,0.0,UNSET,2,1,485.23,1,19019.09,19019.09,0.0,UNSET,2,0,190.93,1,23287.64,23287.64,0.0,UNSET,2,0,391.95,1,4575.66,4575.66,0.0,UNSET,1,0,491.41,1,87,0,0.92,0,0,0,1423,2997,3927,401,0.47,35.51,1,1,,1,injected,,,,B00NJTO4CY,,,,,,User_Behavior_Analyzer,2997,,10,,1,1,k8s,prom_container,rec-agent-84d78bd855-p5t4s,0
ctxdrift_prod_from_ub__r12,ctxdrift_prod_from_ub,ctxdrift_prod_from_ub,context_drift,Product_Analyzer,1,context_drift,none,none,context_drift,none,2026-07-27T14:18:49.133288+00:00,2026-07-27T14:19:38.153258+00:00,e35ee8f5bc31ba7b993653e13376b216,49019.97,200,1,10193.0,10193.0,0.0,UNSET,2,1,418.47,1,18233.91,18233.91,0.0,UNSET,2,0,292.6,1,16779.89,16779.89,0.0,UNSET,3,0,292.97,1,3796.75,3796.75,0.0,UNSET,1,0,500.84,1,97,0,0.92,0,0,0,1437,3686,2473,401,0.5,35.94,1,1,,1,injected,,,,B00AJHDZSI,,,,,,User_Behavior_Analyzer,3686,,11,,1,1,k8s,prom_container,rec-agent-84d78bd855-p5t4s,0
ctxdrift_synth_from_prod__r1,ctxdrift_synth_from_prod,ctxdrift_synth_from_prod,context_drift,Recommendation_Synthesizer,1,context_drift,none,none,none,context_drift,2026-07-27T14:21:16.565577+00:00,2026-07-27T14:22:07.035077+00:00,3c1ba0948823a3ffc3e119c9843809e2,50469.5,200,1,10625.82,10625.82,0.0,UNSET,2,1,330.47,1,15054.13,15054.13,0.0,UNSET,2,0,229.64,1,21292.52,21292.52,0.0,UNSET,3,0,289.6,1,3481.09,3481.09,0.0,UNSET,1,0,554.21,1,97,0,0.92,0,0,0,1562,2337,3828,337,0.58,54.15,1,1,,1,injected,,,,B00E6GRHBO,,,,,,Product_Analyzer,3828,,0,,1,1,k8s,prom_container,rec-agent-6cd99d9688-vgfjw,0
ctxdrift_synth_from_prod__r2,ctxdrift_synth_from_prod,ctxdrift_synth_from_prod,context_drift,Recommendation_Synthesizer,1,context_drift,none,none,none,context_drift,2026-07-27T14:22:09.832698+00:00,2026-07-27T14:22:55.573727+00:00,15268dcff43c69e0718a7028522e18f7,45741.03,200,1,8366.61,8366.61,0.0,UNSET,2,1,401.14,1,10636.32,10636.32,0.0,UNSET,2,0,190.01,1,22340.9,22340.9,0.0,UNSET,3,0,292.71,1,4380.04,4380.04,0.0,UNSET,1,0,476.16,1,97,0,0.92,0,0,0,1463,1728,4071,505,0.85,54.23,1,1,,1,injected,,,,B00EL94Z4I,,,,,,Product_Analyzer,4071,,1,,1,1,k8s,prom_container,rec-agent-6cd99d9688-vgfjw,0
ctxdrift_synth_from_prod__r3,ctxdrift_synth_from_prod,ctxdrift_synth_from_prod,context_drift,Recommendation_Synthesizer,1,context_drift,none,none,none,context_drift,2026-07-27T14:22:58.334711+00:00,2026-07-27T14:23:42.742245+00:00,96e45e3b90ab8c712ac1c0eee6e67dd8,44407.53,200,1,9009.08,9009.08,0.0,UNSET,2,1,329.36,1,15547.47,15547.47,0.0,UNSET,2,0,191.55,1,16186.98,16186.98,0.0,UNSET,2,0,280.51,1,3625.28,3625.28,0.0,UNSET,1,0,525.43,1,87,0,0.92,0,0,0,1296,2442,3028,370,0.75,54.32,1,1,,1,injected,,,,B0791TX5P5,,,,,,Product_Analyzer,3028,,2,,1,1,k8s,prom_container,rec-agent-6cd99d9688-vgfjw,0
ctxdrift_synth_from_prod__r4,ctxdrift_synth_from_prod,ctxdrift_synth_from_prod,context_drift,Recommendation_Synthesizer,1,context_drift,none,none,none,context_drift,2026-07-27T14:23:45.496225+00:00,2026-07-27T14:24:31.448657+00:00,795a63bfdbcafd89bc0715a887424cc7,45951.91,200,1,9044.73,9044.73,0.0,UNSET,2,1,326.59,1,14233.53,14233.53,0.0,UNSET,2,0,183.52,1,19122.98,19122.98,0.0,UNSET,3,0,271.57,1,3521.39,3521.39,0.0,UNSET,1,0,511.72,1,97,0,0.92,0,0,0,1489,2409,3176,376,0.55,54.33,1,1,,1,injected,,,,B00IVPU786,,,,,,Product_Analyzer,3176,,3,,1,1,k8s,prom_container,rec-agent-6cd99d9688-vgfjw,0
ctxdrift_synth_from_prod__r5,ctxdrift_synth_from_prod,ctxdrift_synth_from_prod,context_drift,Recommendation_Synthesizer,1,context_drift,none,none,none,context_drift,2026-07-27T14:24:34.239363+00:00,2026-07-27T14:25:22.066135+00:00,9ded1530ab910e60ab2d3f9dc19c9b11,47826.25,200,1,10975.72,10975.72,0.0,UNSET,2,1,460.29,1,19249.02,19249.02,0.0,UNSET,2,0,191.14,1,13930.21,13930.21,0.0,UNSET,3,0,286.27,1,3632.4,3632.4,0.0,UNSET,1,0,492.12,1,97,0,0.95,0,0,0,1790,4119,4119,410,0.49,54.54,1,1,,1,injected,,,,B00IVPU786,,,,,,Product_Analyzer,4119,,4,,1,1,k8s,prom_container,rec-agent-6cd99d9688-vgfjw,0
ctxdrift_synth_from_prod__r6,ctxdrift_synth_from_prod,ctxdrift_synth_from_prod,context_drift,Recommendation_Synthesizer,1,context_drift,none,none,none,context_drift,2026-07-27T14:25:24.886416+00:00,2026-07-27T14:25:59.689369+00:00,6a7db6109ff4ab1bb6a5c7a7cf56cc2e,34802.95,200,1,8785.38,8785.38,0.0,UNSET,2,1,303.32,1,14329.8,14329.8,0.0,UNSET,2,0,290.92,1,7698.0,7698.0,0.0,UNSET,1,0,190.25,1,3973.55,3973.55,0.0,UNSET,1,0,480.66,1,77,0,0.85,0,0,0,1343,2325,2325,425,0.81,54.65,1,1,,1,injected,,,,B01MR9KG7N,,,,,,Product_Analyzer,2325,,5,,1,1,k8s,prom_container,rec-agent-6cd99d9688-vgfjw,0
ctxdrift_synth_from_prod__r7,ctxdrift_synth_from_prod,ctxdrift_synth_from_prod,context_drift,Recommendation_Synthesizer,1,context_drift,none,none,none,context_drift,2026-07-27T14:26:02.500693+00:00,2026-07-27T14:26:47.437195+00:00,076873f8f0cf9c54982c02b0c9542492,44936.5,200,1,9350.66,9350.66,0.0,UNSET,2,1,544.53,1,18367.67,18367.67,0.0,UNSET,2,0,164.8,1,13702.0,13702.0,0.0,UNSET,1,0,221.39,1,3494.65,3494.65,0.0,UNSET,1,0,400.36,1,77,0,0.92,0,0,0,1328,3071,3641,374,0.8,54.61,1,1,,1,injected,,,,B004AZ38Z0,,,,,,Product_Analyzer,3641,,6,,1,1,k8s,prom_container,rec-agent-6cd99d9688-vgfjw,0
ctxdrift_synth_from_prod__r8,ctxdrift_synth_from_prod,ctxdrift_synth_from_prod,context_drift,Recommendation_Synthesizer,1,context_drift,none,none,none,context_drift,2026-07-27T14:26:50.242051+00:00,2026-07-27T14:27:26.319754+00:00,96018c08d94d48d8306e0de9efe02392,36077.7,200,1,8684.14,8684.14,0.0,UNSET,2,1,498.66,1,14660.18,14660.18,0.0,UNSET,2,0,212.64,1,9270.51,9270.51,0.0,UNSET,2,0,410.78,1,3423.18,3423.18,0.0,UNSET,1,0,380.73,1,87,0,0.92,0,0,0,1211,2596,2553,375,0.79,54.7,1,1,,1,injected,,,,B00CX5P8FC,,,,,,Product_Analyzer,2553,,7,,1,1,k8s,prom_container,rec-agent-6cd99d9688-vgfjw,0
ctxdrift_synth_from_prod__r9,ctxdrift_synth_from_prod,ctxdrift_synth_from_prod,context_drift,Recommendation_Synthesizer,1,context_drift,none,none,none,context_drift,2026-07-27T14:27:29.121286+00:00,2026-07-27T14:28:06.755086+00:00,5f696243fc526d0ad09c1e89b9194429,37633.8,200,1,8962.08,8962.08,0.0,UNSET,2,1,348.91,1,14724.73,14724.73,0.0,UNSET,2,0,190.37,1,10160.55,10160.55,0.0,UNSET,2,0,309.5,1,3768.71,3768.71,0.0,UNSET,1,0,594.96,1,87,0,0.92,0,0,0,1512,2666,2681,446,0.91,54.82,1,1,,1,injected,,,,B00EL94Z4I,,,,,,Product_Analyzer,2681,,8,,1,1,k8s,prom_container,rec-agent-6cd99d9688-vgfjw,0
ctxdrift_synth_from_prod__r10,ctxdrift_synth_from_prod,ctxdrift_synth_from_prod,context_drift,Recommendation_Synthesizer,1,context_drift,none,none,none,context_drift,2026-07-27T14:28:09.570948+00:00,2026-07-27T14:28:59.768160+00:00,17b8268c17025300c4e08ca264223032,50197.21,200,1,9068.59,9068.59,0.0,UNSET,2,1,296.09,1,15241.83,15241.83,0.0,UNSET,2,0,275.98,1,21915.19,21915.19,0.0,UNSET,3,0,292.3,1,3943.85,3943.85,0.0,UNSET,1,0,526.28,1,97,0,0.85,0,0,0,1424,2606,4602,416,0.57,36.27,1,1,,1,injected,,,,B0791TX5P5,,,,,,Product_Analyzer,4602,,9,,1,1,k8s,prom_container,rec-agent-6cd99d9688-vgfjw,0
ctxdrift_synth_from_prod__r11,ctxdrift_synth_from_prod,ctxdrift_synth_from_prod,context_drift,Recommendation_Synthesizer,1,context_drift,none,none,none,context_drift,2026-07-27T14:29:02.609063+00:00,2026-07-27T14:29:51.661561+00:00,4122bee9106f550000e2236ccb0d9a78,49051.98,200,1,11109.39,11109.39,0.0,UNSET,2,2,292.36,1,15367.45,15367.45,0.0,UNSET,2,0,347.12,1,18686.03,18686.03,0.0,UNSET,2,0,244.81,1,3859.01,3859.01,0.0,UNSET,1,0,534.3,1,89,0,0.92,0,0,0,1648,2395,3852,414,0.75,36.41,1,1,,1,injected,,,,B00NJTO4CY,,,,,,Product_Analyzer,3852,,10,,1,1,k8s,prom_container,rec-agent-6cd99d9688-vgfjw,0
ctxdrift_synth_from_prod__r12,ctxdrift_synth_from_prod,ctxdrift_synth_from_prod,context_drift,Recommendation_Synthesizer,1,context_drift,none,none,none,context_drift,2026-07-27T14:29:54.483381+00:00,2026-07-27T14:30:49.783526+00:00,262178a7aacf2a70730a9606c8c1e530,55300.15,200,1,9309.85,9309.85,0.0,UNSET,2,1,479.58,1,15145.83,15145.83,0.0,UNSET,2,0,190.94,1,26535.58,26535.58,0.0,UNSET,3,0,191.09,1,4273.01,4273.01,0.0,UNSET,1,0,401.94,1,97,0,0.92,0,0,0,1290,2253,5127,484,0.52,36.27,1,1,,1,injected,,,,B00AJHDZSI,,,,,,Product_Analyzer,5127,,11,,1,1,k8s,prom_container,rec-agent-6cd99d9688-vgfjw,0
wrongpick_Recommendation_Synthesizer__r1,wrongpick_Recommendation_Synthesizer,wrongpick_Recommendation_Synthesizer,wrong_item_pick,Recommendation_Synthesizer,1,wrong_item_pick,none,none,none,wrong_item_pick,2026-07-27T14:32:29.567544+00:00,2026-07-27T14:33:10.894566+00:00,bcb7722a43de995e866ae404bf9b6135,41327.02,200,1,8951.37,8951.37,0.0,UNSET,2,1,193.9,1,15630.78,15630.78,0.0,UNSET,2,0,288.78,1,12436.13,12436.13,0.0,UNSET,2,0,217.33,1,4275.52,4275.52,0.0,UNSET,1,0,787.22,1,87,0,0.92,0,0,0,1179,2564,2863,447,0.72,55.64,1,1,,1,injected,,,,B00EKWZK5E,1,1,,,,,,,0,,1,1,k8s,prom_container,rec-agent-5f6c8977c4-x24zb,0
wrongpick_Recommendation_Synthesizer__r2,wrongpick_Recommendation_Synthesizer,wrongpick_Recommendation_Synthesizer,wrong_item_pick,Recommendation_Synthesizer,1,wrong_item_pick,none,none,none,wrong_item_pick,2026-07-27T14:33:13.628874+00:00,2026-07-27T14:34:05.166696+00:00,1c9eb7a8e85b9669adeaa97863f1519b,51537.82,200,1,9282.78,9282.78,0.0,UNSET,2,1,457.04,1,15569.88,15569.88,0.0,UNSET,2,0,229.36,1,22894.97,22894.97,0.0,UNSET,3,0,308.81,1,3752.01,3752.01,0.0,UNSET,1,0,463.58,1,97,0,0.92,0,0,0,1558,2542,4146,410,0.72,55.71,1,1,,1,injected,,,,B00EKWZK5E,1,1,,,,,,,1,,1,1,k8s,prom_container,rec-agent-5f6c8977c4-x24zb,0
wrongpick_Recommendation_Synthesizer__r3,wrongpick_Recommendation_Synthesizer,wrongpick_Recommendation_Synthesizer,wrong_item_pick,Recommendation_Synthesizer,1,wrong_item_pick,none,none,none,wrong_item_pick,2026-07-27T14:34:07.919288+00:00,2026-07-27T14:34:52.702592+00:00,7c25b7076f1c206522df428f2f40b7ec,44782.77,200,1,8801.14,8801.14,0.0,UNSET,2,1,285.13,1,10949.75,10949.75,0.0,UNSET,2,0,296.71,1,20404.64,20404.64,0.0,UNSET,3,0,290.92,1,4598.78,4598.78,0.0,UNSET,1,0,540.69,1,97,0,0.72,0,0,0,1358,1388,3163,497,0.8,55.84,1,1,,1,injected,,,,B00EKWZK5E,1,1,,,,,,,2,,1,1,k8s,prom_container,rec-agent-5f6c8977c4-x24zb,0
wrongpick_Recommendation_Synthesizer__r4,wrongpick_Recommendation_Synthesizer,wrongpick_Recommendation_Synthesizer,wrong_item_pick,Recommendation_Synthesizer,1,wrong_item_pick,none,none,none,wrong_item_pick,2026-07-27T14:34:55.460569+00:00,2026-07-27T14:35:33.646824+00:00,588272d6dec28f3ee31c982fda45861f,38186.26,200,1,8147.86,8147.86,0.0,UNSET,2,1,348.89,1,11164.56,11164.56,0.0,UNSET,2,0,403.14,1,15364.32,15364.32,0.0,UNSET,2,0,288.6,1,3470.63,3470.63,0.0,UNSET,1,0,483.32,1,87,0,0.95,0,0,0,1099,1619,2799,356,0.8,55.88,1,1,,1,injected,,,,B00EKWZK5E,1,1,,,,,,,3,,1,1,k8s,prom_container,rec-agent-5f6c8977c4-x24zb,0
wrongpick_Recommendation_Synthesizer__r5,wrongpick_Recommendation_Synthesizer,wrongpick_Recommendation_Synthesizer,wrong_item_pick,Recommendation_Synthesizer,1,wrong_item_pick,none,none,none,wrong_item_pick,2026-07-27T14:35:36.417202+00:00,2026-07-27T14:36:22.591482+00:00,c2fc21acd56bbe47049fbc75ef9335da,46174.28,200,1,9381.84,9381.84,0.0,UNSET,2,1,356.34,1,19119.07,19119.07,0.0,UNSET,2,0,291.79,1,13648.42,13648.42,0.0,UNSET,3,0,389.05,1,3988.63,3988.63,0.0,UNSET,1,0,489.91,1,97,0,0.95,0,0,0,1490,3582,3582,492,0.82,56.03,1,1,,1,injected,,,,B00EKWZK5E,1,1,,,,,,,4,,1,1,k8s,prom_container,rec-agent-5f6c8977c4-x24zb,0
wrongpick_Recommendation_Synthesizer__r6,wrongpick_Recommendation_Synthesizer,wrongpick_Recommendation_Synthesizer,wrong_item_pick,Recommendation_Synthesizer,1,wrong_item_pick,none,none,none,wrong_item_pick,2026-07-27T14:36:25.378280+00:00,2026-07-27T14:37:06.316004+00:00,1d5f235ae2eaa7c77142b7f5a8d015b3,40937.19,200,1,9065.27,9065.27,0.0,UNSET,2,1,449.72,1,15460.95,15460.95,0.0,UNSET,2,0,387.17,1,11779.02,11779.02,0.0,UNSET,3,0,629.91,1,4597.18,4597.18,0.0,UNSET,1,0,590.0,1,97,0,0.92,0,0,0,1608,2755,2760,524,0.85,56.15,1,1,,1,injected,,,,B00EKWZK5E,1,1,,,,,,,5,,1,1,k8s,prom_container,rec-agent-5f6c8977c4-x24zb,0
wrongpick_Recommendation_Synthesizer__r7,wrongpick_Recommendation_Synthesizer,wrongpick_Recommendation_Synthesizer,wrong_item_pick,Recommendation_Synthesizer,1,wrong_item_pick,none,none,none,wrong_item_pick,2026-07-27T14:37:09.123928+00:00,2026-07-27T14:37:54.951591+00:00,d5fd14bc6fa8c1caea74efc3828712bc,45827.66,200,1,10171.65,10171.65,0.0,UNSET,3,2,374.94,1,15660.12,15660.12,0.0,UNSET,2,0,281.05,1,15613.49,15613.49,0.0,UNSET,3,0,189.8,1,4346.47,4346.47,0.0,UNSET,1,0,650.26,1,108,0,0.92,0,0,0,1311,2445,2421,404,0.87,36.49,1,1,,1,injected,,,,B00EKWZK5E,1,1,,,,,,,6,,1,1,k8s,prom_container,rec-agent-5f6c8977c4-x24zb,0
wrongpick_Recommendation_Synthesizer__r8,wrongpick_Recommendation_Synthesizer,wrongpick_Recommendation_Synthesizer,wrong_item_pick,Recommendation_Synthesizer,1,wrong_item_pick,none,none,none,wrong_item_pick,2026-07-27T14:37:57.763846+00:00,2026-07-27T14:38:49.550597+00:00,ea4b280d32a85cade0751e22fcbef3a1,51786.22,200,1,8933.27,8933.27,0.0,UNSET,2,1,422.94,1,17611.4,17611.4,0.0,UNSET,2,0,293.46,1,22118.9,22118.9,0.0,UNSET,3,0,291.8,1,3085.54,3085.54,0.0,UNSET,1,0,597.29,1,97,0,0.92,0,0,0,1340,3075,5609,363,0.69,36.17,1,1,,1,injected,,,,B00EKWZK5E,1,1,,,,,,,7,,1,1,k8s,prom_container,rec-agent-5f6c8977c4-x24zb,0
wrongpick_Recommendation_Synthesizer__r9,wrongpick_Recommendation_Synthesizer,wrongpick_Recommendation_Synthesizer,wrong_item_pick,Recommendation_Synthesizer,1,wrong_item_pick,none,none,none,wrong_item_pick,2026-07-27T14:38:52.375633+00:00,2026-07-27T14:39:37.866920+00:00,959a222828b0b4c921ecde79641c7203,45491.29,200,1,10152.2,10152.2,0.0,UNSET,3,2,409.11,1,13206.61,13206.61,0.0,UNSET,2,0,239.99,1,18745.87,18745.87,0.0,UNSET,2,0,210.97,1,3370.33,3370.33,0.0,UNSET,1,0,590.91,1,98,0,0.92,0,0,0,1459,2452,3701,350,0.83,36.26,1,1,,1,injected,,,,B00EKWZK5E,1,1,,,,,,,8,,1,1,k8s,prom_container,rec-agent-5f6c8977c4-x24zb,0
wrongpick_Recommendation_Synthesizer__r10,wrongpick_Recommendation_Synthesizer,wrongpick_Recommendation_Synthesizer,wrong_item_pick,Recommendation_Synthesizer,1,wrong_item_pick,none,none,none,wrong_item_pick,2026-07-27T14:39:40.680852+00:00,2026-07-27T14:40:23.329626+00:00,44b5dcde1cb692a6ec9abfb76d284e75,42648.24,200,1,10150.34,10150.34,0.0,UNSET,2,1,539.35,1,14987.67,14987.67,0.0,UNSET,2,0,307.8,1,13916.46,13916.46,0.0,UNSET,2,0,280.3,1,3578.19,3578.19,0.0,UNSET,1,0,496.95,1,87,0,0.92,0,0,0,1405,2605,2915,380,0.77,36.41,1,1,,1,injected,,,,B00EKWZK5E,1,1,,,,,,,9,,1,1,k8s,prom_container,rec-agent-5f6c8977c4-x24zb,0
wrongpick_Recommendation_Synthesizer__r11,wrongpick_Recommendation_Synthesizer,wrongpick_Recommendation_Synthesizer,wrong_item_pick,Recommendation_Synthesizer,1,wrong_item_pick,none,none,none,wrong_item_pick,2026-07-27T14:40:26.163825+00:00,2026-07-27T14:41:10.229216+00:00,0a05d036278d3a08cf756c00261472e5,44065.39,200,1,8911.23,8911.23,0.0,UNSET,2,1,279.41,1,13619.91,13619.91,0.0,UNSET,2,0,272.03,1,17916.65,17916.65,0.0,UNSET,2,0,700.02,1,3579.13,3579.13,0.0,UNSET,1,0,496.07,1,87,0,0.95,0,0,0,1245,2305,3204,428,0.8,36.37,1,1,,1,injected,,,,B00EKWZK5E,1,1,,,,,,,10,,1,1,k8s,prom_container,rec-agent-5f6c8977c4-x24zb,0
wrongpick_Recommendation_Synthesizer__r12,wrongpick_Recommendation_Synthesizer,wrongpick_Recommendation_Synthesizer,wrong_item_pick,Recommendation_Synthesizer,1,wrong_item_pick,none,none,none,wrong_item_pick,2026-07-27T14:41:13.053337+00:00,2026-07-27T14:41:49.549782+00:00,d90f27a6cc9020d3880cc3d44e335a80,36496.45,200,1,8818.73,8818.73,0.0,UNSET,2,1,419.85,1,14533.02,14533.02,0.0,UNSET,2,0,295.22,1,9749.55,9749.55,0.0,UNSET,2,0,302.25,1,3363.46,3363.46,0.0,UNSET,1,0,484.38,1,87,0,0.92,0,0,0,1395,2442,2485,425,0.72,36.46,1,1,,1,injected,,,,B00EKWZK5E,1,1,,,,,,,11,,1,1,k8s,prom_container,rec-agent-5f6c8977c4-x24zb,0
format_Recommendation_Synthesizer__r1,format_Recommendation_Synthesizer,format_Recommendation_Synthesizer,format_violation,Recommendation_Synthesizer,1,format_violation,none,none,none,format_violation,2026-07-27T14:43:19.747890+00:00,2026-07-27T14:44:09.531528+00:00,d99803f100b886a03c9b527803a53d3d,49783.1,200,1,9510.83,9510.83,0.0,UNSET,2,1,282.26,1,15359.04,15359.04,0.0,UNSET,2,0,292.57,1,21400.28,21400.28,0.0,UNSET,2,0,378.62,1,3479.07,3479.07,0.0,UNSET,1,0,394.83,1,87,0,0.5,0,0,0,1326,2415,3516,339,0.64,53.82,1,1,,1,injected,missing_field,,,B00E6GRHBO,,,required_fields,required_fields,1,,,,0,,1,1,k8s,prom_container,rec-agent-55486b5cc-kf8rt,0
format_Recommendation_Synthesizer__r2,format_Recommendation_Synthesizer,format_Recommendation_Synthesizer,format_violation,Recommendation_Synthesizer,1,format_violation,none,none,none,format_violation,2026-07-27T14:45:36.093830+00:00,2026-07-27T14:46:07.607624+00:00,3133f13ef6423e4678a45dc6e9d95cc0,31513.79,200,1,7827.1,7827.1,0.0,UNSET,2,1,179.55,1,11267.62,11267.62,0.0,UNSET,2,0,188.98,1,8593.67,8593.67,0.0,UNSET,2,0,189.55,1,3795.92,3795.92,0.0,UNSET,1,0,430.86,1,87,0,0.5,0,0,0,1165,1943,2198,441,0.72,35.05,1,1,,1,injected,type_violation,,,B00EL94Z4I,,,field_types,field_types,1,,,,1,,1,1,k8s,prom_container,rec-agent-58d9c4758-4l5zq,0
format_Recommendation_Synthesizer__r3,format_Recommendation_Synthesizer,format_Recommendation_Synthesizer,format_violation,Recommendation_Synthesizer,1,format_violation,none,none,none,format_violation,2026-07-27T14:47:40.203465+00:00,2026-07-27T14:48:27.476370+00:00,7d350041c1fcd958139d05df4a7252ab,47272.9,200,1,8847.3,8847.3,0.0,UNSET,2,1,234.5,1,15066.01,15066.01,0.0,UNSET,2,0,288.76,1,18633.45,18633.45,0.0,UNSET,2,0,291.98,1,4694.89,4694.89,0.0,UNSET,1,0,484.77,1,87,0,0.85,0,0,0,1486,2270,3672,521,0.36,35.07,1,1,,1,injected,empty_required,,,,,,field_types,field_types,1,,,,2,,1,1,k8s,prom_container,rec-agent-6d74585bfd-snrh8,0
format_Recommendation_Synthesizer__r4,format_Recommendation_Synthesizer,format_Recommendation_Synthesizer,format_violation,Recommendation_Synthesizer,1,format_violation,none,none,none,format_violation,2026-07-27T14:49:59.470588+00:00,2026-07-27T14:50:38.138915+00:00,1b474d18a62ee839bd3a14ea67a323fb,38667.8,200,1,9576.15,9576.15,0.0,UNSET,2,1,278.98,1,14540.3,14540.3,0.0,UNSET,2,0,292.96,1,10716.01,10716.01,0.0,UNSET,3,0,388.24,1,3819.62,3819.62,0.0,UNSET,1,0,429.62,1,97,0,0.92,0,0,0,1503,2405,2394,424,0.71,35.02,1,1,,1,injected,malformed_json,,,B00IVPU786,,,json_parsable,json_parsable,1,,,,3,,1,1,k8s,prom_container,rec-agent-7999b6f4cc-9fvdk,0
format_Recommendation_Synthesizer__r5,format_Recommendation_Synthesizer,format_Recommendation_Synthesizer,format_violation,Recommendation_Synthesizer,1,format_violation,none,none,none,format_violation,2026-07-27T14:52:01.483818+00:00,2026-07-27T14:52:41.536707+00:00,df2288ca925fb9b6b330269b40db4a2a,40052.3,200,1,10210.97,10210.97,0.0,UNSET,3,2,277.04,1,16998.73,16998.73,0.0,UNSET,2,0,278.86,1,9225.51,9225.51,0.0,UNSET,1,0,188.65,1,3564.5,3564.5,0.0,UNSET,1,0,544.23,1,88,0,0.5,0,0,0,1407,2833,2831,392,0.91,35.06,1,1,,1,injected,missing_field,,,B00IVPU786,,,required_fields,required_fields,1,,,,4,,1,1,k8s,prom_container,rec-agent-55486b5cc-vktr9,0
format_Recommendation_Synthesizer__r6,format_Recommendation_Synthesizer,format_Recommendation_Synthesizer,format_violation,Recommendation_Synthesizer,1,format_violation,none,none,none,format_violation,2026-07-27T14:54:11.684198+00:00,2026-07-27T14:55:00.794876+00:00,d9d7fe768ec8efe40225e1292297583f,49110.15,200,1,8427.29,8427.29,0.0,UNSET,2,1,280.81,1,16761.93,16761.93,0.0,UNSET,2,0,192.57,1,19521.71,19521.71,0.0,UNSET,1,0,178.75,1,4364.14,4364.14,0.0,UNSET,1,0,563.11,1,77,0,0.5,0,0,0,1253,2559,3607,443,0.54,54.4,1,1,,1,injected,type_violation,,,B00OQVZDJM,,,field_types,field_types,1,,,,5,,1,1,k8s,prom_container,rec-agent-58d9c4758-dwdjn,0
format_Recommendation_Synthesizer__r7,format_Recommendation_Synthesizer,format_Recommendation_Synthesizer,format_violation,Recommendation_Synthesizer,1,format_violation,none,none,none,format_violation,2026-07-27T14:56:25.922619+00:00,2026-07-27T14:57:02.227057+00:00,ee4d5987ca218c125b8f178d550771df,36303.89,200,1,9151.02,9151.02,0.0,UNSET,2,1,183.41,1,15665.45,15665.45,0.0,UNSET,2,0,293.58,1,8296.04,8296.04,0.0,UNSET,1,0,189.05,1,3153.75,3153.75,0.0,UNSET,1,0,370.79,1,77,0,0.92,0,0,0,1349,2581,2535,353,0.73,35.01,1,1,,1,injected,empty_required,,,,,,field_types,field_types,1,,,,6,,1,1,k8s,prom_container,rec-agent-6d74585bfd-4gjwv,0
format_Recommendation_Synthesizer__r8,format_Recommendation_Synthesizer,format_Recommendation_Synthesizer,format_violation,Recommendation_Synthesizer,1,format_violation,none,none,none,format_violation,2026-07-27T14:58:36.152573+00:00,2026-07-27T14:59:24.533253+00:00,c413e6add2500d32c3ee24c6ec25197b,48380.15,200,1,10216.62,10216.62,0.0,UNSET,2,2,254.48,1,17867.7,17867.7,0.0,UNSET,2,0,291.83,1,16492.76,16492.76,0.0,UNSET,1,0,303.01,1,3785.66,3785.66,0.0,UNSET,1,0,738.86,1,79,0,0.92,0,0,0,1471,2805,3873,406,0.57,35.01,1,1,,1,injected,malformed_json,,,B00CX5P8FC,,,json_parsable,json_parsable,1,,,,7,,1,1,k8s,prom_container,rec-agent-7999b6f4cc-2dp6f,0
format_Recommendation_Synthesizer__r9,format_Recommendation_Synthesizer,format_Recommendation_Synthesizer,format_violation,Recommendation_Synthesizer,1,format_violation,none,none,none,format_violation,2026-07-27T15:00:52.374930+00:00,2026-07-27T15:01:25.618722+00:00,421210071950e3d7155dfa68360d1d4b,33243.79,200,1,9057.12,9057.12,0.0,UNSET,2,1,230.07,1,12592.26,12592.26,0.0,UNSET,2,0,284.03,1,8205.19,8205.19,0.0,UNSET,2,0,331.22,1,3359.76,3359.76,0.0,UNSET,1,0,493.06,1,87,0,0.5,0,0,0,1436,1869,1874,368,0.77,35.0,1,1,,1,injected,missing_field,,,B00EL94Z4I,,,required_fields,required_fields,1,,,,8,,1,1,k8s,prom_container,rec-agent-55486b5cc-mxhdd,0
format_Recommendation_Synthesizer__r10,format_Recommendation_Synthesizer,format_Recommendation_Synthesizer,format_violation,Recommendation_Synthesizer,1,format_violation,none,none,none,format_violation,2026-07-27T15:02:55.249971+00:00,2026-07-27T15:03:44.365848+00:00,eaec09bd69bde1ff0540f76df475ad44,49115.88,200,1,10607.95,10607.95,0.0,UNSET,2,1,278.19,1,16500.34,16500.34,0.0,UNSET,2,0,277.3,1,18606.23,18606.23,0.0,UNSET,3,0,258.83,1,3373.98,3373.98,0.0,UNSET,1,0,494.77,1,97,0,0.5,0,0,0,1326,2228,2851,313,0.67,35.07,1,1,,1,injected,type_violation,,,B0791TX5P5,,,field_types,field_types,1,,,,9,,1,1,k8s,prom_container,rec-agent-58d9c4758-d6njj,0
format_Recommendation_Synthesizer__r11,format_Recommendation_Synthesizer,format_Recommendation_Synthesizer,format_violation,Recommendation_Synthesizer,1,format_violation,none,none,none,format_violation,2026-07-27T15:05:13.298617+00:00,2026-07-27T15:05:53.697621+00:00,d1b7e40b2852f88067b6d6bac007cb92,40398.46,200,1,9906.64,9906.64,0.0,UNSET,2,1,276.17,1,15008.82,15008.82,0.0,UNSET,2,0,293.02,1,11157.0,11157.0,0.0,UNSET,2,0,284.97,1,4287.08,4287.08,0.0,UNSET,1,0,997.71,1,87,0,0.92,0,0,0,1167,2262,2348,422,0.74,35.19,1,1,,1,injected,empty_required,,,,,,field_types,field_types,1,,,,10,,1,1,k8s,prom_container,rec-agent-6d74585bfd-7jngc,0
format_Recommendation_Synthesizer__r12,format_Recommendation_Synthesizer,format_Recommendation_Synthesizer,format_violation,Recommendation_Synthesizer,1,format_violation,none,none,none,format_violation,2026-07-27T15:07:21.178891+00:00,2026-07-27T15:08:01.599430+00:00,675cce840cf158dfc03b1adc0cf77397,40420.0,200,1,8456.39,8456.39,0.0,UNSET,2,1,252.14,1,15683.66,15683.66,0.0,UNSET,2,0,293.63,1,10745.79,10745.79,0.0,UNSET,2,0,189.42,1,5518.39,5518.39,0.0,UNSET,1,0,564.24,1,87,0,0.85,0,0,0,1232,2588,2588,589,0.77,35.04,1,1,,1,injected,malformed_json,,,B00AJHDZSI,,,json_parsable,json_parsable,1,,,,11,,1,1,k8s,prom_container,rec-agent-7999b6f4cc-vg829,0
normal__r1,normal,normal,normal,,0,,none,none,none,none,2026-07-27T15:09:41.475501+00:00,2026-07-27T15:10:38.982777+00:00,6402a23e18833e6f3f79ac76519e01a2,57507.28,200,1,11625.16,11625.16,0.0,UNSET,2,1,446.7,1,18841.43,18841.43,0.0,UNSET,2,0,269.09,1,23138.36,23138.36,0.0,UNSET,3,0,291.36,1,3887.34,3887.34,0.0,UNSET,1,0,496.76,1,97,0,0.97,0,0,0,1646,2500,3359,374,0.52,35.13,1,1,,0,none,,,,B00E6GRHBO,,,,,,,,,0,,1,1,k8s,prom_container,rec-agent-746bbc56f6-46xr6,0
normal__r2,normal,normal,normal,,0,,none,none,none,none,2026-07-27T15:10:41.788018+00:00,2026-07-27T15:11:28.765311+00:00,6297a62f36cac15599dd0c9097db2aa8,46977.29,200,1,9652.37,9652.37,0.0,UNSET,2,1,424.57,1,17821.21,17821.21,0.0,UNSET,2,0,190.54,1,15666.16,15666.16,0.0,UNSET,3,0,287.17,1,3796.84,3796.84,0.0,UNSET,1,0,458.13,1,97,0,0.92,0,0,0,1521,3066,3375,427,0.87,35.25,1,1,,0,none,,,,B00EL94Z4I,,,,,,,,,1,,1,1,k8s,prom_container,rec-agent-746bbc56f6-46xr6,0
normal__r3,normal,normal,normal,,0,,none,none,none,none,2026-07-27T15:11:31.511070+00:00,2026-07-27T15:12:20.665399+00:00,6761dfcf5cb1a311182696cdf0fe96cb,49153.8,200,1,8787.17,8787.17,0.0,UNSET,2,1,481.75,1,14556.06,14556.06,0.0,UNSET,2,0,191.48,1,22208.01,22208.01,0.0,UNSET,3,0,287.27,1,3575.33,3575.33,0.0,UNSET,1,0,492.24,1,97,0,0.92,0,0,0,1462,2457,4143,375,0.72,35.33,1,1,,0,none,,,,B07VTK654B,,,,,,,,,2,,1,1,k8s,prom_container,rec-agent-746bbc56f6-46xr6,0
normal__r4,normal,normal,normal,,0,,none,none,none,none,2026-07-27T15:12:23.416632+00:00,2026-07-27T15:13:06.092873+00:00,51c79d8c8d5cd74d05cbcf2a33e56a10,42676.24,200,1,9223.79,9223.79,0.0,UNSET,2,1,358.59,1,17097.84,17097.84,0.0,UNSET,2,0,188.62,1,12596.12,12596.12,0.0,UNSET,2,0,777.87,1,3742.22,3742.22,0.0,UNSET,1,0,492.55,1,87,0,0.92,0,0,0,1373,2707,2743,365,0.81,35.4,1,1,,0,none,,,,B00IVPU786,,,,,,,,,3,,1,1,k8s,prom_container,rec-agent-746bbc56f6-46xr6,0
normal__r5,normal,normal,normal,,0,,none,none,none,none,2026-07-27T15:13:08.843549+00:00,2026-07-27T15:13:48.115413+00:00,deb8908b736e22a6b5d39f93d12f5995,39271.86,200,1,11290.99,11290.99,0.0,UNSET,2,1,424.76,1,14130.19,14130.19,0.0,UNSET,2,0,303.94,1,10341.5,10341.5,0.0,UNSET,1,0,188.96,1,3477.38,3477.38,0.0,UNSET,1,0,495.95,1,77,0,0.95,0,0,0,1494,2140,2451,360,0.79,35.57,1,1,,0,none,,,,B00IVPU786,,,,,,,,,4,,1,1,k8s,prom_container,rec-agent-746bbc56f6-46xr6,0
normal__r6,normal,normal,normal,,0,,none,none,none,none,2026-07-27T15:13:50.836043+00:00,2026-07-27T15:14:24.775767+00:00,48f99d36023ef6f2e69e402334e80d73,33939.19,200,1,8730.04,8730.04,0.0,UNSET,2,1,368.55,1,13206.63,13206.63,0.0,UNSET,2,0,193.65,1,7466.02,7466.02,0.0,UNSET,1,0,284.84,1,4504.27,4504.27,0.0,UNSET,1,0,467.14,1,77,0,0.85,0,0,0,1408,1978,1999,458,0.76,35.69,1,1,,0,none,,,,B00OQVZDJM,,,,,,,,,5,,1,1,k8s,prom_container,rec-agent-746bbc56f6-46xr6,0
normal__r7,normal,normal,normal,,0,,none,none,none,none,2026-07-27T15:14:27.542612+00:00,2026-07-27T15:15:22.835373+00:00,559a90dd2b31a97cec69cad01645943c,55292.76,200,1,11951.96,11951.96,0.0,UNSET,2,2,462.4,1,24051.27,24051.27,0.0,UNSET,2,0,377.24,1,15155.96,15155.96,0.0,UNSET,3,0,238.74,1,4092.25,4092.25,0.0,UNSET,1,0,488.27,1,99,0,0.92,0,0,0,1545,3134,3125,375,0.47,35.34,1,1,,0,none,,,,B01LXDNNBW,,,,,,,,,6,,1,1,k8s,prom_container,rec-agent-746bbc56f6-46xr6,0
normal__r8,normal,normal,normal,,0,,none,none,none,none,2026-07-27T15:15:25.676771+00:00,2026-07-27T15:16:12.603569+00:00,31d1c158e273b3fddcc7db58f7143c54,46926.8,200,1,8561.36,8561.36,0.0,UNSET,2,1,343.81,1,14887.86,14887.86,0.0,UNSET,2,0,228.4,1,19096.66,19096.66,0.0,UNSET,2,0,379.71,1,4345.45,4345.45,0.0,UNSET,1,0,649.44,1,87,0,0.92,0,0,0,1199,2003,3454,416,0.83,36.27,1,1,,0,none,,,,B00VKIY9RG,,,,,,,,,7,,1,1,k8s,prom_container,rec-agent-746bbc56f6-46xr6,0
normal__r9,normal,normal,normal,,0,,none,none,none,none,2026-07-27T15:16:15.391514+00:00,2026-07-27T15:16:59.412202+00:00,6594d6dec05b30388f4f74d4b92cca8b,44020.69,200,1,9361.33,9361.33,0.0,UNSET,2,1,347.3,1,18643.8,18643.8,0.0,UNSET,2,0,293.08,1,12182.0,12182.0,0.0,UNSET,3,0,280.79,1,3792.84,3792.84,0.0,UNSET,1,0,385.92,1,97,0,0.92,0,0,0,1522,3875,3409,416,0.62,36.04,1,1,,0,none,,,,B00EL94Z4I,,,,,,,,,8,,1,1,k8s,prom_container,rec-agent-746bbc56f6-46xr6,0
normal__r10,normal,normal,normal,,0,,none,none,none,none,2026-07-27T15:17:02.211401+00:00,2026-07-27T15:17:46.100392+00:00,259ada402acacad8382489b9805c1e78,43888.99,200,1,9024.87,9024.87,0.0,UNSET,2,1,376.69,1,18860.25,18860.25,0.0,UNSET,2,0,190.63,1,12072.18,12072.18,0.0,UNSET,1,0,282.27,1,3894.9,3894.9,0.0,UNSET,1,0,598.86,1,77,0,0.92,0,0,0,1252,3392,3526,378,0.69,36.29,1,1,,0,none,,,,B0791TX5P5,,,,,,,,,9,,1,1,k8s,prom_container,rec-agent-746bbc56f6-46xr6,0
normal__r11,normal,normal,normal,,0,,none,none,none,none,2026-07-27T15:17:48.910147+00:00,2026-07-27T15:18:40.057659+00:00,6c0c6a2542287f982646d2754b3d6114,51147.51,200,1,9768.25,9768.25,0.0,UNSET,2,1,256.5,1,16756.53,16756.53,0.0,UNSET,2,0,191.12,1,20324.96,20324.96,0.0,UNSET,2,0,222.8,1,4279.03,4279.03,0.0,UNSET,1,0,583.93,1,87,0,0.92,0,0,0,1276,2904,4998,450,0.44,35.95,1,1,,0,none,,,,B00NJTO4CY,,,,,,,,,10,,1,1,k8s,prom_container,rec-agent-746bbc56f6-46xr6,0
normal__r12,normal,normal,normal,,0,,none,none,none,none,2026-07-27T15:18:42.890371+00:00,2026-07-27T15:19:36.787153+00:00,a6c04dfe531e06dc2f2499a51d8a2a13,53896.78,200,1,8734.31,8734.31,0.0,UNSET,2,1,299.07,1,15563.76,15563.76,0.0,UNSET,2,0,271.21,1,26108.43,26108.43,0.0,UNSET,7,0,392.6,1,3476.02,3476.02,0.0,UNSET,1,0,496.66,1,137,0,0.85,0,0,0,1196,2499,3348,434,1.02,36.98,1,1,,0,none,,,,B00AJHDZSI,,,,,,,,,11,,1,1,k8s,prom_container,rec-agent-746bbc56f6-46xr6,0
hallu_Sequence_Recommender__r1,hallu_Sequence_Recommender,hallu_Sequence_Recommender,hallucinate,Sequence_Recommender,1,hallucinate,hallucinate,none,none,none,2026-07-27T15:23:40.643380+00:00,2026-07-27T15:24:40.488732+00:00,b24aad8c1f93193e7fe97010e8cb39dc,59844.29,200,1,16458.63,10788.97,5669.66,UNSET,3,1,294.82,1,16109.86,16109.86,0.0,UNSET,2,0,258.19,1,23735.94,23735.94,0.0,UNSET,2,0,207.42,1,3499.09,3499.09,0.0,UNSET,1,0,302.36,1,89,0,0.92,0,0,0,1311,2305,5334,359,0.52,53.89,1,1,,1,injected,,"数码家电** 领域有持续的兴趣，涉及灯光、背景架、支架等设备。

---

### 🏆 推荐商品 Top 5

| 排名",1,B00E6GRHBO,,,,,,,,,0,,1,1,k8s,prom_container,rec-agent-58d96c96b6-m62jc,0
